Fatal,Injured,LightingCondition,RoadSurface,latitude,longitude
0,1,Daylight,Dry,37.7674538,-122.4288923
0,1,Daylight,Dry,37.7904395,-122.3999611
0,1,Daylight,Wet,37.7657823,-122.4075633
0,2,Dark - street lights,Dry,37.773084,-122.4220088
0,1,Dark - street lights,Dry,37.7752728,-122.4660197
0,1,Dark - street lights,Dry,37.77605020000001,-122.4295344
0,1,Daylight,Dry,37.769418,-122.4298506
0,1,Daylight,Dry,37.7211553,-122.4374685
0,1,Daylight,Dry,37.760489,-122.4100074
0,1,Dark - street lights,Dry,37.7982806,-122.4015495
0,1,Daylight,Dry,37.7883284,-122.4083874
0,1,Dark - street lights,Dry,37.7840284,-122.4080265
0,1,Daylight,Dry,37.7621131,-122.4284193
0,1,Daylight,Dry,37.7815217,-122.4048923
0,1,Daylight,Dry,37.76955969999999,-122.4155764
0,1,Dark - street lights,Dry,37.7873448,-122.4199918
0,1,Dark - street lights,Dry,37.7784289,-122.408783
0,1,Daylight,Dry,37.7481763,-122.4202718
0,1,Dusk - dawn,Dry,37.8059266,-122.4187339
0,1,Daylight,Dry,37.7859468,-122.419701
0,1,Daylight,Dry,37.7787499,-122.4147239
0,1,Daylight,Dry,37.74103789999999,-122.4228308
0,1,Daylight,Dry,37.78114559999999,-122.4632224
0,1,Daylight,Dry,37.7824873,-122.4016495
0,1,Dark - street lights,Dry,37.7616996,-122.4215856
0,1,Daylight,Dry,37.7483682,-122.4181484
0,2,Daylight,Dry,37.7508093,-122.415572
0,1,Dark - street lights,Dry,37.738853,-122.486141
0,1,Dark - street lights,Dry,37.7822097,-122.4189391
0,1,Dark - street lights,Wet,37.777228,-122.4640135
0,1,Dark - street lights,Wet,37.7832886,-122.4026768
0,1,Dark - street lights,Wet,37.7843612,-122.4244577
0,0,Daylight,Dry,37.7406608,-122.4238627
0,1,Dark - street lights,Dry,37.79532,-122.4267381
0,1,Daylight,Dry,37.782144,-122.447573
0,1,Daylight,Dry,37.78073060000001,-122.4303488
0,1,Daylight,Dry,37.77024979999999,-122.4300448
0,1,Dusk - dawn,Dry,37.773084,-122.4220088
0,1,Daylight,Dry,37.7832886,-122.4026768
0,1,Daylight,Dry,37.8062265,-122.4238517
0,1,Dark - street lights,Dry,37.790644,-122.420669
0,1,Daylight,Dry,37.79849240000001,-122.43576
0,1,Dark - street lights,Dry,37.7815484,-122.4239256
0,1,Daylight,Dry,37.78579920000001,-122.484058
0,1,Daylight,Dry,37.765183,-122.417487
0,1,Daylight,Dry,37.7798229,-122.4150943
0,1,Daylight,Dry,37.780519,-122.412491
0,2,Daylight,Dry,37.7828054,-122.4676389
0,1,Daylight,Dry,37.7382854,-122.4990133
0,1,Dark - street lights,Dry,37.7654522,-122.4131332
0,1,Dark - no street lights,Wet,37.8017088,-122.4145247
0,1,Daylight,Dry,37.7461024,-122.3872835
0,1,Daylight,Dry,37.7716002,-122.4112596
0,2,Daylight,Dry,37.7888127,-122.4019875
0,1,Daylight,Wet,37.7977158,-122.4305269
0,1,Dark - street lights,Dry,37.7649061,-122.4218982
0,1,Daylight,Wet,37.7808362,-122.3995675
0,1,Dark - street lights,Dry,37.7654522,-122.4131332
0,1,Dark - street lights,Wet,37.7632962,-122.421752
0,1,Daylight,Dry,37.7732145,-122.4442002
0,1,Daylight,Dry,37.7634263,-122.4195461
0,1,Daylight,Dry,37.7786376,-122.4470475
0,1,Dark - street lights,Wet,37.7805673,-122.4081246
0,1,Dark - street lights,Dry,37.7703661,-122.4097209
0,1,Dark - street lights,Dry,37.7938542,-122.4029289
0,1,Dark - street lights,Wet,37.7709333,-122.4550429
0,2,Daylight,Dry,37.7538452,-122.4185982
0,1,Daylight,Dry,37.7659253,-122.4675217
0,1,Daylight,Dry,37.7657931,-122.4499581
0,1,Daylight,Dry,37.7810499,-122.4204812
0,1,Dark - street lights,Dry,37.772424,-122.435558
0,1,Daylight,Dry,37.752629,-122.4119
0,1,Daylight,Wet,37.7766879,-122.4121317
0,1,Daylight,Dry,37.7834617,-122.3962554
0,1,Daylight,Dry,37.7749295,-122.4194155
0,1,Daylight,Dry,37.775012,-122.4100517
0,0,Daylight,Dry,37.7763229,-122.4039309
0,1,Daylight,Dry,37.7908281,-122.4475152
0,1,Daylight,Dry,37.782866,-122.4665744
0,1,Dark - street lights,Dry,37.7697455,-122.4245719
0,1,Daylight,Dry,37.7700827,-122.4069588
0,1,Dark - street lights,Dry,37.8014057,-122.4093955
0,1,Daylight,Dry,37.7892875,-122.4013759
0,1,Daylight,Dry,37.772204,-122.4372752
0,1,Daylight,Dry,37.7660088,-122.4307273
0,1,Dark - street lights,Dry,37.7733533,-122.4357496
0,1,Dark - street lights,Dry,37.7249988,-122.4611913
0,1,Daylight,Dry,37.7614951,-122.4250997
0,1,Daylight,Dry,37.7618303,-122.3876752
0,1,Dark - street lights,Dry,37.7843238,-122.4396334
0,1,Dark - street lights,Dry,37.7701069,-122.4537263
0,1,Daylight,Dry,37.771487,-122.4353672
0,1,Daylight,Dry,37.7757817,-122.4165259
0,1,Daylight,Dry,37.8069202,-122.4750308
0,1,Daylight,Dry,37.7603665,-122.417029
0,0,Daylight,Dry,37.773084,-122.4220088
0,1,Daylight,Dry,37.7918601,-122.3950128
0,1,Daylight,Dry,37.7915274,-122.4208795
0,1,Daylight,Dry,37.7809496,-122.464278
0,1,Daylight,Dry,37.7753174,-122.4158955
0,1,Daylight,Dry,37.7782189,-122.4350443
0,0,Daylight,Dry,37.7969189,-122.4068803
0,1,Daylight,Dry,37.77368750000001,-122.4212573
0,1,Daylight,Dry,37.7211541,-122.3983399
0,1,Daylight,Wet,37.794274,-122.4030223
0,1,Daylight,Dry,37.7729273,-122.4390897
0,1,Daylight,Dry,37.76844730000001,-122.4516847
0,1,Dark - street lights,Dry,37.778729,-122.4721161
0,1,Dark - street lights,Dry,37.7892676,-122.4085829
0,1,Daylight,Dry,37.8052397,-122.4172667
0,1,Daylight,Dry,37.7691791,-122.4535465
0,1,Daylight,Dry,37.7958837,-122.4082244
0,1,Dark - street lights,Dry,37.8027643,-122.4137428
0,1,Dusk - dawn,Dry,37.7993944,-122.3975296
0,1,Dark - street lights,Dry,37.74229589999999,-122.4928357
0,1,Daylight,Dry,37.7430565,-122.4755984
0,1,Dark - street lights,Dry,37.7894474,-122.4221872
0,1,Daylight,Dry,37.8069202,-122.4750308
0,1,Daylight,Dry,37.7802964,-122.4033634
0,1,Daylight,Dry,37.7796485,-122.4933022
0,1,Daylight,Dry,37.7802017,-122.3910494
0,1,Daylight,Dry,37.77948749999999,-122.4023551
0,1,Daylight,Dry,37.7603665,-122.417029
0,1,Daylight,Dry,37.787856,-122.44211
0,0,Daylight,Dry,37.7809993,-122.408667
0,1,Daylight,Dry,37.7515491,-122.4951803
0,1,Daylight,Dry,37.7587728,-122.4168824
0,1,Daylight,Dry,37.7894253,-122.3970158
0,1,Daylight,Dry,37.7876149,-122.4065812
0,1,Daylight,Dry,37.7364245,-122.3902036
0,1,Daylight,Dry,37.7749295,-122.4194155
0,1,Daylight,Dry,37.7685411,-122.4156536
0,1,Daylight,Dry,37.7524332,-122.4151766
0,1,Daylight,Dry,37.7705053,-122.4798826
0,1,Daylight,Dry,37.7680117,-122.4244044
0,1,Daylight,Dry,37.7605001,-122.414854
0,2,Daylight,Dry,37.7616996,-122.4215856
0,1,Dark - street lights,Dry,37.7720926,-122.445722
0,1,Daylight,Dry,37.778214,-122.483525
0,1,Daylight,Dry,37.7774362,-122.4486893
0,1,Daylight,Dry,37.76179279999999,-122.4201176
0,1,Daylight,Dry,37.7527948,-122.4091354
0,1,Daylight,Dry,37.7395905,-122.4070669
0,1,Daylight,Dry,37.7749295,-122.4194155
0,2,Daylight,Dry,37.7797645,-122.4071059
0,1,Daylight,Dry,37.7582741,-122.4437999
0,1,Daylight,Dry,37.7649061,-122.4218982
0,1,Daylight,Dry,37.7710108,-122.4761681
0,1,Daylight,Dry,37.780629,-122.4237602
0,1,Daylight,Dry,37.7873278,-122.3944491
0,1,Daylight,Dry,37.8053499,-122.4236702
0,1,Daylight,Dry,37.7854867,-122.4061965
0,1,Daylight,Dry,37.752992,-122.406342
0,1,Daylight,Dry,37.7899721,-122.3942479
0,1,Dark - street lights,Dry,37.7959187,-122.4217837
0,1,Daylight,Dry,37.7839698,-122.4126179
0,1,Daylight,Dry,37.7141001,-122.4522554
0,1,Dark - street lights,Dry,37.772204,-122.4372752
0,1,Daylight,Dry,37.8058106,-122.4422274
0,1,Daylight,Dry,37.7857218,-122.4058947
0,1,Daylight,Dry,37.7590215,-122.4259512
0,1,Daylight,Dry,37.7545666,-122.4065016
0,1,Daylight,Dry,37.7524332,-122.4151766
0,1,Daylight,Dry,37.793527,-122.396797
0,1,Dusk - dawn,Dry,37.7696115,-122.4133281
0,1,Daylight,Dry,37.710092,-122.4245506
0,1,Daylight,Dry,37.75940689999999,-122.486512
0,1,Daylight,Dry,37.770929,-122.4149859
0,1,Daylight,,37.764304,-122.4330863
0,0,Dark - street lights,Dry,37.7482566,-122.411481
0,1,Dark - street lights,Dry,37.773562,-122.4341048
0,1,Daylight,Dry,37.777374,-122.4230551
0,1,Daylight,Dry,37.7729898,-122.4458971
0,1,Dark - street lights,Dry,37.7982193,-122.4072018
0,1,Daylight,Dry,37.7828166,-122.4141266
0,1,Daylight,Dry,37.765183,-122.417487
0,1,Daylight,Dry,37.7617696,-122.4769786
0,1,Daylight,Dry,37.7854037,-122.4162956
0,1,Dark - street lights,Dry,37.7746147,-122.4259347
0,1,Dark - street lights,Dry,37.7719083,-122.4320748
0,1,Daylight,Dry,37.7482662,-122.4158867
0,1,Daylight,Dry,37.7224608,-122.4364836
0,1,Daylight,Dry,37.7729898,-122.4458971
0,1,Daylight,Dry,37.7680117,-122.4244044
0,1,Daylight,Dry,37.8056477,-122.4136616
0,1,Daylight,Dry,37.7837335,-122.4143048
0,1,Daylight,Dry,37.7785281,-122.4055874
0,1,Daylight,Dry,37.6897429,-122.4658499
0,1,Daylight,Dry,37.78417450000001,-122.4786118
0,1,Daylight,Dry,37.7656916,-122.472933
0,1,Daylight,Dry,37.7749729,-122.472447
0,1,Daylight,Dry,37.7749295,-122.4194155
0,1,Dark - street lights,Dry,37.7590319,-122.4125147
0,1,Daylight,Dry,37.773084,-122.4220088
0,1,Dark - street lights,Dry,37.75689879999999,-122.4211319
0,1,Daylight,Dry,37.7456268,-122.419862
0,1,Daylight,Dry,37.7987074,-122.407925
0,1,Daylight,Dry,37.76787789999999,-122.4267805
0,1,Daylight,Dry,37.9095522,-122.0883876
0,1,Daylight,Dry,37.7745823,-122.4094957
0,1,Daylight,Dry,37.7772694,-122.4585952
0,1,Dusk - dawn,Dry,37.7840284,-122.4080265
0,1,Dark - street lights,Dry,37.773084,-122.4220088
0,1,Daylight,Dry,37.7749295,-122.4194155
0,1,Daylight,Dry,37.765183,-122.417487
0,1,Daylight,Dry,37.7451379,-122.413406
0,1,Daylight,Dry,37.7236675,-122.4375325
0,1,Daylight,Dry,37.7801107,-122.3942717
0,1,Daylight,Dry,37.7756122,-122.4584747
0,1,Dark - street lights,Dry,37.7985907,-122.4010735
0,1,Dark - street lights,Dry,37.7854037,-122.4162956
0,1,Daylight,Dry,37.7832886,-122.4026768
0,0,Daylight,Dry,37.782385,-122.4173658
0,1,Daylight,Dry,37.7664112,-122.424319
0,1,Daylight,Dry,37.8073692,-122.4073666
0,1,Dark - street lights,Dry,37.7842502,-122.417764
0,1,Dusk - dawn,Dry,37.7624629,-122.398461
0,1,Daylight,Dry,37.7832462,-122.4090403
0,1,Daylight,Dry,37.7821501,-122.4341661
0,1,Daylight,Dry,37.7753674,-122.3972015
0,1,Daylight,Dry,37.7859468,-122.419701
0,1,Daylight,Dry,37.7775356,-122.4179955
0,1,Daylight,Dry,37.7826178,-122.4156499
0,2,Daylight,Dry,37.7608915,-122.4349914
0,0,Daylight,Dry,37.7840284,-122.4080265
0,1,Daylight,Dry,37.7696115,-122.4133281
0,1,Daylight,Dry,37.7749295,-122.4194155
0,1,Daylight,Dry,37.7697121,-122.4178256
0,1,Daylight,Dry,37.7752462,-122.4584421
0,2,Dark - street lights,Dry,37.7850051,-122.4195078
0,0,Daylight,Dry,37.7768707,-122.4381249
0,1,Daylight,Dry,37.7818699,-122.3920509
0,1,Daylight,Dry,37.778729,-122.4721161
0,1,Daylight,Dry,37.7431247,-122.4214908
0,1,Daylight,Dry,37.7842128,-122.4345669
0,1,Daylight,Dry,37.8054171,-122.4153176
0,1,Daylight,Dry,37.7923914,-122.4210876
0,1,Dark - street lights,Dry,37.7249671,-122.4431452
1,0,Daylight,Dry,37.7501856,-122.3904564
0,2,Daylight,Dry,37.7958837,-122.4082244
0,1,Daylight,Dry,37.7252423,-122.4026114
0,1,Dark - street lights not functioning,Dry,37.7632962,-122.421752
0,1,Dark - street lights,Dry,37.7978825,-122.4067348
0,1,Daylight,Dry,37.7647778,-122.4241632
0,1,Daylight,Dry,37.7392308,-122.3918409
0,1,Daylight,Dry,37.7787499,-122.4147239
0,1,Daylight,Dry,37.7855411,-122.4603149
0,1,Dark - street lights,Dry,37.7811447,-122.4272124
0,1,Daylight,Dry,37.7821,-122.4121502
0,1,Daylight,Dry,37.7780454,-122.421484
0,2,Daylight,Dry,37.7749295,-122.4194155
0,1,Daylight,Dry,37.7691084,-122.4348843
0,1,Daylight,Dry,37.7640523,-122.46632
0,1,Dark - street lights,Dry,37.75256820000001,-122.4130138
0,0,Dark - street lights,Dry,37.7627184,-122.4351786
0,1,Daylight,Dry,37.7621353,-122.4661777
0,1,Dark - street lights,Dry,37.7763748,-122.3941917
0,1,Daylight,Dry,37.77154489999999,-122.4237762
0,1,Daylight,Dry,37.7777109,-122.4543353
0,1,Dusk - dawn,Dry,37.7950311,-122.4216028
0,1,Daylight,Dry,37.7791925,-122.462002
0,2,Daylight,Dry,37.7664409,-122.464375
0,1,Daylight,Dry,37.7751693,-122.4036099
0,1,Daylight,Dry,37.7724353,-122.4226112
0,1,Daylight,Dry,37.771487,-122.4353672
0,1,Daylight,Dry,37.7721283,-122.4304283
0,1,Daylight,Dry,37.7264374,-122.4184183
0,1,Daylight,Dry,37.7764647,-122.4262985
0,1,Daylight,Dry,37.7482566,-122.411481
0,1,Daylight,Dry,37.7868766,-122.4012189
0,1,Daylight,Dry,37.7908558,-122.4190188
0,1,Daylight,Dry,37.768421,-122.4178024
0,1,Daylight,Dry,37.7739349,-122.446103
0,1,Daylight,Dry,37.775296,-122.4191988
0,1,Daylight,Dry,37.724592,-122.442327
0,1,Daylight,Dry,37.790964,-122.4023974
0,1,Dark - street lights,Dry,37.77263689999999,-122.4339101
0,1,Daylight,Dry,37.7800254,-122.4846989
0,1,Daylight,Dry,37.773084,-122.4220088
0,1,Daylight,Dry,37.7746147,-122.4259347
0,1,Daylight,Dry,37.8027737,-122.4367945
0,1,Dark - street lights,Dry,37.7739245,-122.4238072
0,1,Daylight,Dry,37.7355697,-122.506818
0,1,Daylight,Dry,37.7550911,-122.4243076
0,1,Dark - street lights,Dry,37.790644,-122.420669
0,1,Daylight,Dry,37.7842128,-122.4345669
0,1,Daylight,Dry,37.7422206,-122.4945183
0,1,Dark - street lights,Dry,37.7802632,-122.482614
0,1,Daylight,Dry,37.7723613,-122.4134103
0,1,Dark - street lights,Wet,37.7843238,-122.4396334
0,1,Daylight,Dry,37.7654522,-122.4131332
0,0,Daylight,Dry,37.7645087,-122.4286526
0,1,Daylight,Dry,37.7762416,-122.4147016
0,1,Daylight,Dry,37.7521725,-122.4195658
0,1,Daylight,Dry,37.76966669999999,-122.449646
0,1,Daylight,Dry,37.789853,-122.4038865
0,1,Dark - street lights,Dry,37.4896898,-122.2986975
0,1,Daylight,Dry,37.7680117,-122.4244044
0,1,Dark - street lights,Dry,37.7510362,-122.411769
0,2,Daylight,Dry,37.7883284,-122.4083874
0,1,Daylight,Dry,37.7766013,-122.3987436
0,1,Daylight,Dry,37.7638559,-122.4706072
0,1,Daylight,Dry,37.772424,-122.435558
0,1,Daylight,Dry,37.7712867,-122.4369923
0,1,Daylight,Dry,37.7829122,-122.4208511
0,1,Daylight,Dry,37.76760000000001,-122.4311689
0,1,Daylight,Dry,37.7775,-122.4332268
0,1,Dusk - dawn,Dry,37.787047,-122.4183632
0,1,Daylight,Dry,37.7686778,-122.4290036
0,0,Dark - no street lights,Wet,37.7749295,-122.4194155
0,1,Dark - street lights,Dry,37.7771137,-122.3949497
0,1,Daylight,Dry,37.7742809,-122.404748
0,1,Daylight,Dry,37.7649061,-122.4218982
0,1,Daylight,Dry,37.7749295,-122.4194155
0,1,,,37.7698864,-122.422401
0,1,Dark - no street lights,Wet,37.7718739,-122.417872
0,1,Daylight,Dry,37.7753674,-122.3972015
0,1,Dark - street lights,Dry,37.7720926,-122.445722
0,1,Daylight,Dry,37.767142,-122.406677
0,1,Daylight,Dry,37.7801814,-122.447319
0,1,Daylight,Wet,37.8024873,-122.4231045
0,1,Daylight,Dry,37.7733533,-122.4357496
0,1,Dark - street lights,Dry,37.7908385,-122.3994555
0,1,Daylight,Slippery (muddyy, oily, etc.),37.7736804,-122.4257366
0,1,Dusk - dawn,Dry,37.7857218,-122.4058947
0,1,Dark - no street lights,Dry,37.7912164,-122.4007711
0,1,Dark - street lights,Dry,37.7114416,-122.4463815
0,1,Daylight,Dry,37.7761782,-122.458512
0,1,Daylight,Dry,37.7660088,-122.4307273
0,1,Dark - street lights,Wet,37.7694708,-122.4290871
0,1,Daylight,Dry,37.7784463,-122.4098875
0,1,Daylight,Dry,37.7821612,-122.4416307
0,1,Dark - street lights,Dry,37.7271669,-122.46669
0,1,Dark - street lights,Dry,37.772204,-122.4372752
0,1,Daylight,Dry,37.7841725,-122.4109793
0,1,Daylight,Dry,37.771833,-122.4016282
0,1,Dark - street lights,Dry,37.7842502,-122.417764
0,1,Dark - street lights,Dry,37.7642783,-122.4609616
0,1,Dark - street lights,Dry,37.7666063,-122.3951209
0,1,Dark - street lights,Dry,37.790644,-122.420669
0,1,Dark - street lights,Dry,37.7149215,-122.4560798
0,1,Daylight,Dry,37.7459105,-122.4508015
0,1,Daylight,Dry,37.7797784,-122.4303047
0,1,Dark - street lights,Dry,37.7728153,-122.4788497
0,1,Dark - street lights,Dry,37.7820516,-122.4011305
0,1,Dark - street lights,Wet,37.7824538,-122.4393469
0,2,Dark - street lights,Dry,37.7680261,-122.4670047
0,1,Dark - street lights,Dry,37.7796686,-122.4386884
0,1,Dark - street lights,Wet,37.7790595,-122.4018195
0,1,Daylight,Dry,37.766903,-122.41061
0,1,Daylight,Dry,37.7876818,-122.403397
1,0,Dark - street lights,Dry,37.7236161,-122.4007852
0,1,Dark - street lights,Wet,37.7746332,-122.4800568
0,1,Daylight,Dry,37.7955487,-122.3967947
0,1,Daylight,Dry,37.7513622,-122.4062347
0,1,Dark - street lights,Wet,37.7959187,-122.4217837
0,1,Daylight,Wet,37.7106708,-122.4313872
0,1,Daylight,Dry,37.7774858,-122.4995981
0,1,Daylight,Dry,37.7699368,-122.4210068
0,1,Daylight,Dry,37.7641132,-122.5094287
0,1,Daylight,Dry,37.775296,-122.4191988
0,2,Daylight,Dry,37.7974883,-122.410326
0,1,Daylight,Dry,37.7756074,-122.4480672
0,1,Dark - street lights,Wet,37.7698864,-122.422401
0,1,Dark - street lights,Wet,37.7161557,-122.4503432
0,1,Daylight,Dry,37.7246942,-122.4347865
0,0,Daylight,Dry,37.7767714,-122.4078245
0,1,Dark - street lights,Wet,37.7536939,-122.4208356
0,1,Daylight,Wet,37.7693194,-122.4312517
0,1,,,37.7812755,-122.4187743
0,1,Dark - street lights,Wet,37.7717936,-122.4236635
0,1,Dark - street lights,Dry,37.7815484,-122.4239256
0,1,Dusk - dawn,Dry,37.7685411,-122.4156536
0,1,Dark - street lights,Dry,37.8032956,-122.4316836
0,1,Daylight,Dry,37.7775989,-122.455217
0,1,Dark - street lights,Dry,37.771887,-122.414022
0,1,Dark - street lights,Dry,37.7552793,-122.4214569
0,0,Daylight,Dry,37.712122,-122.4334303
0,1,Dusk - dawn,Dry,37.7642404,-122.4329683
0,1,Daylight,Dry,37.771833,-122.4016282
0,1,Daylight,Dry,37.7749295,-122.4194155
0,1,Daylight,Dry,37.7797081,-122.4235269
0,1,Dark - street lights,Dry,37.7794764,-122.5018919
1,1,Dusk - dawn,Dry,37.7733533,-122.4357496
0,1,Dark - street lights,Dry,37.7854682,-122.4195957
0,1,Daylight,Dry,37.771833,-122.4016282
0,1,Daylight,Dry,37.760097,-122.421435
0,1,Daylight,Wet,37.7160535,-122.4445299
0,1,Daylight,Dry,37.7997663,-122.4445137
0,1,Daylight,Dry,37.7513622,-122.4062347
0,1,Daylight,Dry,37.7157597,-122.4415633
0,1,Daylight,Wet,37.7662507,-122.460352
0,1,Dark - street lights,Wet,37.7819767,-122.4206347
0,1,Daylight,Wet,37.7797784,-122.4303047
0,1,Daylight,Dry,37.7773247,-122.4196097
1,0,Dark - street lights,Dry,37.7859468,-122.419701
0,1,Daylight,Dry,37.7767401,-122.4033374
0,1,Dark - street lights,Dry,37.7896444,-122.4054392
0,1,Dark - street lights,Dry,37.7285275,-122.4286912
0,2,Dark - street lights,Dry,37.7773902,-122.4568556
0,1,Daylight,Dry,37.778754,-122.4716589
0,1,Daylight,Dry,37.7990874,-122.3980725
0,1,Daylight,Wet,37.7888127,-122.4019875
0,1,Daylight,Dry,37.77478809999999,-122.4009995
0,1,Daylight,Dry,37.7892676,-122.4085829
0,1,Daylight,Dry,37.7650501,-122.4196959
0,1,Daylight,Dry,37.7910818,-122.3991591
0,1,Daylight,Dry,37.7731406,-122.4717096
0,1,Daylight,Dry,37.7649061,-122.4218982
0,1,Daylight,Dry,37.7876818,-122.403397
0,1,Daylight,Dry,37.733286,-122.4657717
0,1,Dark - street lights,Dry,37.7886579,-122.4135036
0,1,Daylight,Wet,37.7822097,-122.4189391
0,1,Daylight,Dry,37.7749295,-122.4194155
0,1,Daylight,Dry,37.7752462,-122.4584421
0,1,Daylight,Wet,37.7780454,-122.421484
0,1,Daylight,Dry,37.7875741,-122.4218061
0,1,Daylight,Dry,37.7617019,-122.4759388
0,1,Dark - street lights,Wet,37.7895615,-122.4137848
0,1,Daylight,Dry,37.7617604,-122.410138
0,1,Daylight,Wet,37.764638,-122.4264921
0,1,Dark - street lights,Dry,37.7792416,-122.4108893
0,1,Daylight,Dry,37.7862266,-122.4019649
0,1,Daylight,Dry,37.74726,-122.403636
0,1,Dusk - dawn,Wet,37.76356699999999,-122.4173459
0,1,Daylight,Dry,37.7443859,-122.3958793
0,1,Daylight,Dry,37.7398192,-122.4240629
0,1,Daylight,Dry,37.7731433,-122.4373674
0,1,Dark - street lights,Dry,37.7774809,-122.4131087
0,1,Dark - street lights,Dry,37.7793496,-122.4587454
0,1,Dark - street lights,Dry,37.7796686,-122.4386884
0,1,Daylight,Dry,37.788781,-122.442297
0,1,Daylight,Wet,37.7691868,-122.4079608
0,1,Daylight,Dry,37.779858,-122.4028109
0,1,Daylight,Dry,37.7614277,-122.4261745
0,1,Dark - street lights,Dry,37.7584974,-122.4212866
0,1,Dark - street lights,Wet,37.748209,-122.4181946
0,1,Dark - street lights,Dry,37.76966669999999,-122.449646
0,1,Daylight,Dry,37.786691,-122.44356
0,1,Daylight,Dry,37.7614277,-122.4261745
0,1,Daylight,Dry,37.7729898,-122.4458971
0,1,Daylight,Dry,37.7683372,-122.4192792
0,1,Daylight,Dry,37.7659476,-122.4782445
0,1,Daylight,Dry,37.7764968,-122.4175569
0,1,Daylight,Dry,37.7889922,-122.4406203
0,1,Daylight,Wet,37.7642404,-122.4329683
0,1,Daylight,Dry,37.788781,-122.442297
0,1,Dusk - dawn,Dry,37.7585462,-122.4637899
0,1,Dark - street lights,Wet,37.7814219,-122.4092577
0,1,Daylight,Dry,37.784926,-122.3958826
0,1,Daylight,Dry,37.6858451,-122.487216
0,1,Daylight,Dry,37.7774298,-122.4069904
0,1,Daylight,Dry,37.7774298,-122.4069904
0,1,Daylight,Dry,37.7683794,-122.4185497
0,1,Dark - street lights,Dry,37.7755322,-122.406273
0,1,Daylight,Dry,37.8043664,-122.4235021
0,1,Dark - street lights,Dry,37.7661371,-122.4288136
0,1,Daylight,Dry,37.7453305,-122.4200646
0,1,Daylight,Dry,37.773285,-122.412225
0,1,Daylight,Dry,37.7659476,-122.4782445
0,0,Daylight,Dry,37.7784463,-122.4098875
0,1,Daylight,Dry,37.7431247,-122.4214908
0,1,Dark - street lights,Dry,37.7683576,-122.4078541
0,1,Dusk - dawn,Dry,37.7725157,-122.4423849
0,1,Daylight,Dry,37.7888127,-122.4019875
0,1,Daylight,Dry,37.7787499,-122.4147239
0,1,Daylight,Dry,37.7932543,-122.3999798
0,1,Daylight,Dry,37.7692605,-122.5083294
0,1,Daylight,Dry,37.7888127,-122.4019875
0,1,Daylight,Dry,37.773072,-122.4031728
0,1,Daylight,Dry,37.7632962,-122.421752
0,1,Daylight,Dry,37.7622928,-122.4384808
0,1,Daylight,Dry,37.8080311,-122.4174509
0,1,Daylight,Dry,37.7797784,-122.4303047
0,1,Daylight,Dry,37.7250658,-122.413475
0,2,Daylight,Dry,37.7944763,-122.4048162
0,1,Daylight,Dry,37.7947274,-122.4031207
0,1,Daylight,Dry,37.7817178,-122.406676
0,1,Daylight,Wet,37.7497104,-122.3962653
0,1,Daylight,Dry,37.7908385,-122.3994555
0,1,Daylight,Dry,37.75416999999999,-122.4131527
0,1,Dark - street lights,Dry,37.7649061,-122.4218982
0,1,Daylight,Dry,37.73102009999999,-122.4719164
0,1,Daylight,Dry,37.7684578,-122.397429
0,1,Daylight,Dry,37.7463743,-122.4222581
0,1,Daylight,Dry,37.7695284,-122.450716
0,1,Daylight,Dry,37.7963529,-122.4117056
0,1,Daylight,Dry,37.7803142,-122.4185632
0,1,Daylight,Dry,37.7706682,-122.4124673
0,1,Daylight,Dry,37.7661371,-122.4288136
0,1,Daylight,Dry,37.7200229,-122.4383279
0,1,Daylight,Dry,37.7440347,-122.4542788
0,1,Daylight,Dry,37.7316292,-122.391893
0,1,Daylight,Dry,37.7780608,-122.3917637
0,1,Daylight,Dry,37.7832462,-122.4090403
0,1,Dark - street lights,Dry,37.7876818,-122.403397
0,1,Dark - street lights,Dry,37.7745842,-122.4811275
0,1,Daylight,Dry,37.7800837,-122.4354173
0,1,Dark - street lights,Dry,37.7868566,-122.4199049
0,0,Dark - street lights,Dry,37.7822646,-122.4102691
0,1,Daylight,Dry,37.7797645,-122.4071059
0,0,Daylight,Dry,37.73102009999999,-122.4719164
0,1,,Dry,38.7985123,-83.54532119999999
0,1,Daylight,Dry,37.7973385,-122.397142
0,1,Dark - street lights,Dry,37.7864392,-122.4079991
0,1,Daylight,Dry,37.7751326,-122.4191837
0,1,Dark - street lights,Dry,37.7545666,-122.4065016
0,1,Daylight,Dry,37.7729898,-122.4458971
0,1,Dark - street lights,Dry,37.7854682,-122.4195957
0,1,Dark - street lights,Dry,37.7329447,-122.3788611
0,1,Daylight,Dry,37.7558338,-122.4122209
0,2,Daylight,Dry,37.7729898,-122.4458971
0,1,Dark - street lights,Dry,37.776658,-122.4398343
0,1,Dark - street lights,Dry,37.78417450000001,-122.4786118
0,1,Dark - street lights,Dry,37.7754586,-122.4105737
0,1,Daylight,Dry,37.7876185,-122.4251491
0,1,Daylight,Dry,37.778389,-122.448879
0,1,Dark - street lights,Dry,37.7919285,-122.402595
0,1,Daylight,Dry,37.7576968,-122.421208
0,1,Daylight,Dry,37.73102009999999,-122.4719164
0,1,Daylight,Dry,37.7663834,-122.4529834
0,1,Dark - street lights,Dry,37.7789341,-122.4369007
0,1,Dark - street lights,Dry,37.7705053,-122.4798826
0,1,Daylight,Dry,37.7863198,-122.4241779
0,1,Dusk - dawn,Dry,37.7731433,-122.4373674
0,1,Daylight,Dry,37.7660773,-122.4773026
0,1,Daylight,Dry,37.73449919999999,-122.4338699
0,1,Dusk - dawn,Dry,37.784489,-122.431353
0,1,Dark - street lights,Dry,37.7482566,-122.411481
0,1,Daylight,Dry,37.7802632,-122.482614
0,1,Daylight,Dry,37.7863607,-122.3976602
0,1,Dark - street lights,Dry,37.7763916,-122.4823525
0,1,Dark - street lights,Dry,37.7702196,-122.4453384
0,1,Daylight,Dry,37.760489,-122.4100074
0,1,Dark - street lights,Dry,37.7892676,-122.4085829
0,1,Dark - street lights,Dry,37.7422044,-122.4220943
0,1,Daylight,Dry,37.7958837,-122.4082244
0,1,Daylight,Dry,37.7724353,-122.4226112
0,1,Daylight,Dry,37.7843238,-122.4396334
0,1,Daylight,Dry,37.72864089999999,-122.3731482
0,1,Daylight,Dry,37.7711983,-122.4302345
0,1,Daylight,Dry,37.7682375,-122.4533534
0,1,Dark - street lights,Dry,37.794105,-122.393874
0,1,Daylight,Dry,37.7754588,-122.3875922
0,1,Daylight,Dry,37.7834507,-122.4090806
0,1,Daylight,Wet,37.7785232,-122.4055826
0,1,Daylight,Dry,37.7832462,-122.4090403
0,1,Daylight,Dry,37.7887591,-122.4202797
0,1,Daylight,Dry,37.7544037,-122.404488
0,1,Daylight,Dry,37.77994940000001,-122.3896419
0,1,Daylight,Dry,37.7698864,-122.422401
0,1,Dark - street lights,Dry,37.7837953,-122.4176658
0,1,Dark - street lights,Dry,37.783882,-122.485011
0,1,Daylight,,37.7234464,-122.439889
0,1,Daylight,Dry,37.7649061,-122.4218982
0,1,Daylight,Dry,37.7593693,-122.4069465
0,1,Daylight,Dry,37.7821,-122.4121502
0,1,Dark - street lights,Dry,37.7440518,-122.4208999
0,1,Daylight,Dry,37.7917852,-122.3982549
0,1,Daylight,Dry,37.7750051,-122.4131347
0,1,Daylight,Dry,37.7871109,-122.3879541
0,1,Daylight,Dry,37.78912,-122.402029
0,1,Daylight,Dry,37.797603,-122.4090421
0,1,Dark - no street lights,Dry,37.7625436,-122.4340153
0,1,Daylight,Dry,37.77619809999999,-122.4054379
0,1,Daylight,Dry,37.7362975,-122.3916402
0,2,Daylight,Dry,37.7753174,-122.4158955
0,1,Dark - street lights,Dry,37.7550911,-122.4243076
0,1,Daylight,Dry,37.8081363,-122.4090752
0,1,Daylight,Dry,37.7725583,-122.4069208
0,0,Daylight,Dry,37.7888127,-122.4019875
0,1,Dusk - dawn,Dry,37.7825758,-122.4308751
0,1,Daylight,Dry,37.7833201,-122.4175543
0,1,Daylight,Dry,37.7882827,-122.438773
0,1,Daylight,Dry,37.7834507,-122.4090806
0,1,Daylight,Dry,37.7723207,-122.4196911
0,1,Daylight,Dry,37.7360943,-122.506205
0,1,Daylight,Dry,37.740167,-122.435896
0,1,Daylight,Dry,37.800408,-122.447447
0,1,Daylight,Dry,37.7850051,-122.4195078
0,1,Daylight,Dry,37.7797081,-122.4235269
0,1,Daylight,Dry,37.7892676,-122.4085829
0,1,Daylight,Dry,37.7701069,-122.4537263
0,1,Daylight,Dry,37.7092313,-122.416826
0,1,Daylight,Dry,37.7729898,-122.4458971
0,1,Daylight,Dry,37.787699,-122.4132971
0,1,Daylight,Dry,37.7717936,-122.4236635
0,1,Daylight,Dry,37.761652,-122.390573
0,1,Daylight,Dry,37.7785281,-122.4055874
0,1,Daylight,Dry,37.7627184,-122.4351786
0,1,Daylight,Dry,37.793527,-122.396797
0,1,Dark - street lights,Dry,37.7211553,-122.4374685
0,1,Dark - street lights,Dry,37.7632962,-122.421752
0,1,Daylight,Dry,37.7827554,-122.4064319
0,1,Daylight,Dry,37.7430565,-122.4755984
0,0,Daylight,Dry,37.7560022,-122.4094619
0,1,Daylight,Dry,37.7492186,-122.3926967
0,1,Daylight,Dry,37.7790595,-122.4018195
0,1,Dark - street lights,Dry,37.7815217,-122.4048923
0,1,Daylight,Dry,37.7752462,-122.4584421
0,1,Daylight,Dry,37.7767714,-122.4078245
0,1,Daylight,Dry,37.7742809,-122.404748
0,1,Daylight,Dry,37.7850051,-122.4195078
0,1,Daylight,Dry,37.7682842,-122.4200074
0,1,Daylight,Dry,37.7840284,-122.4080265
0,1,Daylight,Dry,37.7981376,-122.4272749
0,1,Daylight,Dry,37.7910818,-122.3991591
0,1,Daylight,Dry,37.759675,-122.40208
0,1,Dark - street lights,Dry,37.7525507,-122.3926594
0,1,Daylight,Dry,37.7643819,-122.3878885
0,1,Dark - street lights,Dry,37.7369722,-122.3995063
0,1,Daylight,Dry,37.7786384,-122.4317661
0,1,Daylight,Dry,37.7811915,-122.4588743
0,1,Daylight,Dry,37.7229855,-122.4521753
0,1,Daylight,Dry,37.7850417,-122.4004492
0,1,Dark - street lights,Dry,37.7702021,-122.4367448
0,1,Dark - street lights,Dry,37.7860424,-122.4114022
0,1,Daylight,Dry,37.7604295,-122.3894904
0,1,Dusk - dawn,Dry,37.7829122,-122.4208511
0,0,Daylight,Dry,37.74726,-122.403636
0,1,Dusk - dawn,Dry,37.770903,-122.4180085
0,2,Daylight,Dry,37.7855345,-122.4078213
0,1,Daylight,Dry,37.7749295,-122.4194155
0,1,Daylight,Dry,37.7697121,-122.4178256
0,1,Dark - street lights,Dry,37.7969382,-122.4053472
0,1,Dark - street lights,Dry,37.7787499,-122.4147239
0,1,Dark - street lights,Dry,37.7615676,-122.4237799
0,1,Daylight,Dry,37.7777098,-122.4315744
0,1,Daylight,Dry,37.7650501,-122.4196959
0,1,Daylight,Dry,37.7104336,-122.4131678
0,1,Daylight,Dry,37.7703661,-122.4097209
0,1,Dusk - dawn,Dry,37.7959187,-122.4217837
0,1,Daylight,Dry,37.7865944,-122.4931339
0,1,Daylight,Dry,37.7862266,-122.4019649
0,1,Daylight,Dry,37.7527948,-122.4091354
0,1,Daylight,Dry,37.7628926,-122.428515
0,1,Daylight,Dry,37.8077201,-122.4123478
0,1,Daylight,,37.740018,-122.3995409
0,1,Daylight,Dry,37.7848,-122.4212355
0,1,Daylight,Dry,37.8051592,-122.4473383
0,1,Dark - street lights,Dry,37.7996171,-122.4090944
0,1,Daylight,Dry,37.7698864,-122.422401
0,1,Dark - street lights,Dry,37.7762561,-122.4279179
0,1,Daylight,Dry,37.7877958,-122.4200826
0,1,Daylight,Dry,37.7749295,-122.4194155
0,1,Daylight,Dry,37.7885245,-122.4067774
0,1,Daylight,Dry,37.75051130000001,-122.4205121
0,1,Daylight,Dry,37.7725583,-122.4069208
0,2,Dark - street lights,Dry,37.7832886,-122.4026768
0,1,Dark - street lights,Dry,37.7758026,-122.4278224
0,1,Daylight,Dry,37.7936817,-122.4111903
0,1,Dusk - dawn,Dry,37.7772694,-122.4585952
0,1,Daylight,Dry,37.7229162,-122.4447105
0,1,Dark - street lights,Dry,37.76439500000001,-122.453516
0,1,Dark - street lights,Dry,37.7851546,-122.4330625
0,1,Dark - street lights,Dry,37.7711517,-122.445525
0,1,Daylight,Dry,37.7728595,-122.4186471
0,1,Daylight,Dry,37.73102009999999,-122.4719164
0,1,Daylight,Dry,37.7654716,-122.4959973
0,1,Daylight,Dry,37.7730402,-122.4063261
0,0,Daylight,Dry,37.7698864,-122.422401
0,1,Daylight,Dry,37.7229162,-122.4447105
0,1,Daylight,Dry,37.7902668,-122.4005699
0,1,Dusk - dawn,Dry,37.7785464,-122.4250283
0,1,Dark - street lights,Dry,37.722,-122.433606
0,1,Daylight,Dry,37.7762362,-122.4115649
0,1,Daylight,Dry,37.7695284,-122.450716
0,1,Daylight,Dry,37.7803142,-122.4185632
0,1,Dark - street lights,Dry,37.77065959999999,-122.4248935
0,1,Daylight,Dry,37.76479399999999,-122.4025509
0,1,Daylight,Dry,37.7263487,-122.4085491
0,1,Daylight,Dry,37.7826178,-122.4156499
0,1,Daylight,Wet,37.7287468,-122.389965
0,1,Dark - street lights,Dry,37.780519,-122.412491
0,1,Dark - street lights,Dry,37.7631738,-122.4239119
0,1,Daylight,Dry,37.7628873,-122.412899
0,1,Daylight,Dry,37.7343386,-122.4295661
0,1,Daylight,Dry,37.7697411,-122.40497
0,1,Daylight,Dry,37.7757562,-122.4529537
0,1,Dusk - dawn,Dry,37.7697455,-122.4245719
0,1,Dusk - dawn,Dry,37.7851343,-122.4635061
0,1,Daylight,Dry,37.7717936,-122.4236635
0,1,Dusk - dawn,Dry,37.7820516,-122.4011305
0,1,Daylight,Dry,37.725094,-122.437934
0,1,Daylight,Dry,37.7822646,-122.4102691
0,1,Dark - street lights,Dry,37.748031,-122.490009
0,1,Daylight,Dry,37.7186044,-122.4412775
0,1,Dusk - dawn,Dry,37.7554455,-122.3870736
0,1,Daylight,Dry,37.7726718,-122.4149928
0,1,Dark - street lights,Dry,37.7732534,-122.4289649
0,1,Dark - street lights,Dry,37.7820516,-122.4011305
0,1,Daylight,Dry,37.7395905,-122.4070669
0,1,Daylight,Dry,37.7692956,-122.4072158
0,1,Daylight,Dry,37.7695284,-122.450716
0,1,Dark - street lights,Dry,37.7163924,-122.441082
0,1,Daylight,Dry,37.7750353,-122.4713756
0,1,Dark - street lights,Dry,37.7803142,-122.4185632
0,1,Dark - street lights,Dry,37.7790004,-122.4216817
0,1,Dark - street lights,Dry,37.7695897,-122.4076463
0,1,Daylight,Dry,37.756949,-122.420338
0,1,Dark - street lights,Dry,37.7764647,-122.4262985
0,1,Dark - street lights,Dry,37.7888127,-122.4019875
0,1,Daylight,Dry,37.7959187,-122.4217837
0,1,Dark - street lights,Wet,37.7731845,-122.4185845
0,0,Dark - street lights,Dry,37.77793610000001,-122.4297694
0,1,Daylight,Dry,37.7650501,-122.4196959
0,1,Daylight,Dry,37.7395905,-122.4070669
0,5,Daylight,Dry,37.7857417,-122.4851149
0,1,Daylight,Dry,37.7639669,-122.5104321
0,1,Daylight,Dry,37.7717936,-122.4236635
0,1,Daylight,Dry,37.7536939,-122.4208356
0,1,Daylight,Dry,37.7388287,-122.4239547
0,1,Dark - street lights,Dry,37.7957278,-122.4234944
0,1,Dark - street lights,Dry,37.7649061,-122.4218982
0,1,Dusk - dawn,Dry,37.7794901,-122.4251844
0,1,Daylight,Dry,37.7771504,-122.4247246
0,0,Dark - street lights,Wet,37.7303195,-122.3998205
0,1,Daylight,Dry,37.7801115,-122.4201856
0,2,Dark - street lights,Dry,37.7677316,-122.4289155
0,1,Dark - street lights,Dry,37.7598512,-122.4767623
0,1,Dark - street lights,Dry,37.7627184,-122.4351786
0,1,Daylight,Dry,37.8361592,-122.4835431
0,0,Daylight,Dry,37.7917852,-122.3982549
0,1,Daylight,Dry,37.77994940000001,-122.3896419
0,1,Daylight,Dry,37.7186853,-122.4433034
0,1,Daylight,Slippery (muddyy, oily, etc.),37.7584974,-122.4212866
0,1,Daylight,Dry,37.7817369,-122.4188468
0,1,Daylight,Dry,37.7840697,-122.4193232
0,1,Daylight,Dry,37.7729898,-122.4458971
0,1,Daylight,Dry,37.7711983,-122.4302345
0,1,Dark - street lights,Dry,37.7634263,-122.4195461
0,1,Daylight,Dry,37.7657823,-122.4075633
0,1,Daylight,Dry,37.781827,-122.391945
0,1,Dark - street lights,Dry,37.7657065,-122.4359019
0,1,Daylight,Dry,37.7756387,-122.4328354
0,1,Dark - street lights,Dry,37.7309146,-122.4105853
0,1,Dark - street lights,Dry,37.78912,-122.402029
0,1,Daylight,Dry,37.7840697,-122.4193232
0,1,Daylight,Dry,37.7421386,-122.4258412
0,1,Daylight,Dry,37.7758481,-122.4311801
0,1,Daylight,Dry,37.7714822,-122.4540587
0,1,Daylight,Dry,37.799334,-122.4106624
0,1,Daylight,Dry,37.7864809,-122.4452075
0,1,Dark - street lights,Dry,37.7680117,-122.4244044
0,1,Dark - street lights,Dry,37.7778031,-122.4383216
0,1,Daylight,Dry,37.8052397,-122.4172667
0,1,Daylight,Dry,37.778335,-122.4266661
0,1,Daylight,Dry,37.75051130000001,-122.4205121
0,1,Daylight,Dry,37.7798948,-122.5062273
0,1,Dark - street lights,Dry,37.770212,-122.4201968
0,1,Dark - street lights,Wet,37.7805398,-122.4761812
0,1,Dusk - dawn,Wet,37.77065959999999,-122.4248935
0,1,Daylight,Dry,37.7890331,-122.3965399
0,1,Daylight,Wet,37.7660773,-122.4773026
0,1,Daylight,Dry,37.76760000000001,-122.4311689
0,1,Daylight,Wet,37.765183,-122.417487
0,1,Dark - street lights,Dry,37.74103789999999,-122.4228308
0,1,Daylight,Dry,37.776565,-122.4174666
0,1,Dark - street lights,Dry,37.7360524,-122.4244946
0,1,Dusk - dawn,Dry,37.77948749999999,-122.4023551
0,1,Dark - street lights,Dry,37.7840284,-122.4080265
0,2,Daylight,Dry,37.7879152,-122.4010047
0,1,Dark - street lights,Wet,37.7916451,-122.4411461
0,1,Daylight,Dry,37.7918601,-122.3950128
0,1,Dark - street lights,Dry,37.7718892,-122.4473139
0,1,Dark - street lights,Dry,37.780519,-122.412491
0,1,Daylight,Dry,37.7865944,-122.4931339
0,1,Daylight,Dry,37.776565,-122.4174666
0,1,Dark - street lights,Dry,37.75750840000001,-122.3960337
0,1,Daylight,Dry,37.7830235,-122.4124505
0,1,Dark - street lights,Dry,37.7483103,-122.4136852
0,1,Daylight,Dry,37.7618975,-122.4372867
0,1,Dark - street lights,Dry,37.7630218,-122.4263256
0,1,Daylight,Dry,37.7717936,-122.4236635
0,1,Daylight,Dry,37.7237072,-122.4551045
0,1,Daylight,Dry,37.7912164,-122.4007711
0,1,Daylight,Dry,37.7685411,-122.4156536
0,1,Dark - street lights,Dry,37.7857218,-122.4058947
0,1,Dark - street lights,Dry,37.7698864,-122.422401
0,1,Daylight,Dry,37.773084,-122.4220088
0,1,Daylight,Dry,37.7710594,-122.4387011
0,1,Daylight,Dry,37.7893343,-122.4305478
0,1,Dark - street lights,Dry,37.7843313,-122.3951251
0,1,Daylight,Dry,37.7696115,-122.4133281
0,1,Daylight,Dry,37.7820516,-122.4011305
0,1,Daylight,Dry,37.7888127,-122.4019875
0,1,Daylight,Dry,37.7591385,-122.4108525
0,1,Daylight,Dry,37.7713413,-122.4053952
0,1,Dark - street lights,Wet,37.7522409,-122.4184616
0,0,Dark - street lights,Dry,37.7720926,-122.445722
0,1,Daylight,Wet,37.806422,-122.4374516
0,1,Daylight,Dry,37.7859468,-122.419701
0,1,Daylight,Dry,37.7165991,-122.4311671
0,1,Daylight,Wet,37.7974883,-122.410326
0,1,Dusk - dawn,Dry,37.7717882,-122.4405315
0,1,Daylight,Dry,37.7833201,-122.4175543
0,0,Daylight,Dry,37.7617364,-122.4208709
0,1,Daylight,Wet,37.732298,-122.4350159
0,1,Dark - street lights,Dry,37.7690679,-122.4200704
0,2,Daylight,Dry,37.7749295,-122.4194155
0,1,Daylight,Dry,37.7764125,-122.4194287
0,1,Daylight,Dry,37.7749295,-122.4194155
0,1,Daylight,Dry,37.7785012,-122.418194
0,1,Dark - street lights,Dry,37.7779902,-122.4093395
0,1,Daylight,Dry,37.7544598,-122.4083576
0,1,Daylight,Dry,37.7814219,-122.4092577
0,1,Daylight,Dry,37.77605020000001,-122.4295344
0,1,Daylight,Dry,37.7793549,-122.433596
0,2,Daylight,Dry,37.777228,-122.4640135
0,1,Dark - street lights,Dry,37.773225,-122.4218253
0,1,Daylight,Dry,37.7783349,-122.396516
0,1,Daylight,Dry,37.7821612,-122.4416307
0,1,Dark - street lights,Dry,37.7186089,-122.4784878
0,1,Daylight,Dry,37.7746772,-122.4135793
0,1,,Dry,37.79451,-122.40136
0,1,Daylight,Dry,37.7817369,-122.4188468
0,1,Daylight,Dry,37.7816902,-122.4154651
0,2,Dark - street lights,Dry,37.7967918,-122.4303599
0,1,Dark - street lights,Dry,37.7803142,-122.4185632
0,1,Daylight,Dry,37.7808362,-122.3995675
0,1,Daylight,Dry,37.7236161,-122.4007852
0,3,Daylight,Wet,37.755576,-122.4165773
0,1,Daylight,Dry,37.7817727,-122.4902326
0,1,Daylight,Dry,37.7717936,-122.4236635
0,1,Daylight,Wet,37.74082900000001,-122.449198
0,1,Dark - street lights,Dry,37.75698800000001,-122.419689
0,1,Daylight,Dry,37.7785012,-122.418194
0,1,Dark - street lights,Dry,37.7693062,-122.4315431
0,1,Daylight,Dry,37.7695284,-122.450716
0,1,Daylight,Dry,37.7867979,-122.3982186
0,1,Daylight,Dry,37.7636371,-122.4162536
0,1,Dark - street lights,Wet,37.7545716,-122.401598
0,1,Daylight,Dry,37.7729898,-122.4458971
0,1,Dark - street lights,Dry,37.7462209,-122.4247077
0,1,Daylight,Dry,37.7698864,-122.422401
0,1,Daylight,Dry,37.794274,-122.4030223
0,2,Daylight,Dry,37.788119,-122.4100171
0,1,Dark - street lights,Dry,37.7761782,-122.458512
0,1,Dark - street lights,Dry,37.7674538,-122.4288923
0,0,Daylight,Dry,37.7482566,-122.411481
0,1,Daylight,Dry,37.7790595,-122.4018195
0,1,Daylight,Dry,37.7842174,-122.4775235
0,1,Daylight,Dry,37.7727217,-122.4407274
0,1,Daylight,Dry,37.7597406,-122.4010772
0,1,Daylight,Dry,37.7815217,-122.4048923
0,1,Daylight,Dry,37.7611692,-122.4305587
0,1,Daylight,Dry,37.777319,-122.449571
0,1,Daylight,Dry,37.7767394,-122.4140734
0,1,Dark - street lights,Dry,37.7697121,-122.4178256
0,1,Daylight,Dry,37.7245691,-122.4591736
0,1,Daylight,Dry,37.7710594,-122.4387011
0,1,Daylight,Dry,37.7910818,-122.3991591
0,1,Daylight,Dry,37.788191,-122.4469592
0,1,Daylight,Dry,37.8188287,-122.3690446
0,1,Daylight,Dry,37.7692096,-122.4698186
0,1,Daylight,Dry,37.735387,-122.5031021
0,1,Daylight,Dry,37.7902668,-122.4005699
0,1,Daylight,Dry,37.7837335,-122.4143048
0,1,Daylight,Dry,37.7712867,-122.4369923
0,1,Dark - street lights,Dry,37.7555087,-122.4176652
0,1,Daylight,Dry,37.7888127,-122.4019875
0,1,Dark - street lights,Dry,37.7805416,-122.4169216
0,1,Daylight,Dry,37.7521725,-122.4195658
0,1,Dark - street lights,Dry,37.7729898,-122.4458971
0,1,Daylight,Dry,37.7880366,-122.3997638
0,1,Daylight,Dry,37.805146,-122.403233
0,1,Daylight,Dry,37.792984,-122.396627
0,1,Dark - street lights,Dry,37.7440518,-122.4208999
0,1,Daylight,Dry,37.7906252,-122.4056151
0,1,Daylight,Dry,37.7713413,-122.4053952
0,0,Dark - street lights,Dry,37.7742835,-122.4359416
0,1,Dark - street lights,Dry,37.7837335,-122.4143048
0,1,Daylight,Dry,37.7949563,-122.4081666
0,1,Dark - street lights,Dry,37.7717936,-122.4236635
0,2,Daylight,Dry,37.7876818,-122.403397
0,1,Daylight,Dry,37.763516,-122.4782414
0,1,Daylight,Dry,37.7830235,-122.4124505
0,1,Daylight,Dry,37.7554343,-122.4187616
0,1,Daylight,Dry,37.7406614,-122.4650435
0,1,Daylight,Dry,37.7788692,-122.4301307
0,1,Daylight,Dry,37.7344055,-122.4035836
0,1,Daylight,Dry,37.7953766,-122.3936706
0,1,Daylight,Dry,37.7985407,-122.397106
0,1,Dark - street lights,Dry,37.773784,-122.4116144
0,1,Daylight,Dry,37.7642588,-122.4113412
0,1,Daylight,Dry,37.7641347,-122.4641668
0,2,Daylight,Dry,37.7908385,-122.3994555
0,1,Daylight,Dry,37.775012,-122.4100517
0,1,Daylight,Dry,37.7910818,-122.3991591
0,1,Dark - street lights,Dry,37.7868566,-122.4199049
0,1,Daylight,Dry,37.7347216,-122.4752191
0,1,Daylight,Dry,37.7710264,-122.4196569
0,1,Daylight,Dry,37.7855623,-122.3966585
0,1,Daylight,Dry,37.74726,-122.403636
0,1,Daylight,Dry,37.7156424,-122.4394692
0,1,Daylight,Dry,37.7781173,-122.4061144
0,1,Daylight,Dry,37.7984601,-122.417897
0,1,Daylight,Dry,37.7186044,-122.4412775
0,1,Daylight,Dry,37.7726718,-122.4149928
0,1,Daylight,Dry,37.770161,-122.404126
0,1,Daylight,Dry,37.790412,-122.4223872
0,1,Daylight,Dry,37.7968363,-122.3952229
0,1,Daylight,Dry,37.760097,-122.421435
0,1,Daylight,Dry,37.7691791,-122.4535465
0,1,Daylight,Dry,37.7749295,-122.4194155
0,1,Daylight,Dry,37.7841725,-122.4109793
0,1,Daylight,Dry,37.7627184,-122.4351786
0,1,Daylight,Dry,37.7729898,-122.4458971
0,1,Dark - street lights,Dry,37.7681528,-122.4222248
0,1,Daylight,Dry,37.7957278,-122.4234944
0,1,Dark - street lights,Dry,37.7797645,-122.4071059
0,1,Daylight,Dry,37.794105,-122.393874
0,1,Dark - street lights,Dry,37.7801115,-122.4201856
0,1,Daylight,Dry,37.7347216,-122.4752191
0,3,Dark - street lights,Dry,37.7717936,-122.4236635
0,1,Dark - street lights,Dry,37.7866281,-122.4216152
0,0,Dusk - dawn,Dry,37.7995934,-122.4349118
0,1,Daylight,Dry,37.7773247,-122.4196097
0,2,Daylight,Dry,37.769418,-122.4298506
0,1,Daylight,Dry,37.7993944,-122.3975296
0,1,Daylight,Dry,37.7363332,-122.4067598
0,1,Daylight,Dry,37.771994,-122.4233897
0,1,Dark - street lights,Dry,37.7615676,-122.4237799
0,1,Daylight,Dry,37.7782721,-122.4141044
0,1,Daylight,Dry,37.7660292,-122.4036319
0,1,Daylight,Dry,37.8058106,-122.4422274
0,1,Daylight,Dry,37.7868766,-122.4012189
0,1,Daylight,Dry,37.7578268,-122.4431753
0,1,Daylight,Dry,37.7728595,-122.4186471
0,1,Dark - street lights,Dry,37.7764125,-122.4194287
0,1,Daylight,Dry,37.749472,-122.499784
0,1,Dark - street lights,Dry,37.7842709,-122.4764544
0,1,Daylight,Dry,37.7523265,-122.4774263
0,1,Daylight,Dry,37.8060317,-122.4185071
0,2,Daylight,Dry,37.7802964,-122.4033634
0,1,Daylight,Dry,37.7315159,-122.446589
0,1,Dark - street lights,Wet,37.7696115,-122.4133281
0,1,Dark - street lights,Dry,37.7702196,-122.4453384
0,1,Daylight,Dry,37.7733533,-122.4357496
0,0,Daylight,Dry,37.748209,-122.4181946
0,1,Daylight,Dry,37.8043664,-122.4235021
0,1,Daylight,Dry,37.760097,-122.421435
0,1,Dark - street lights,Dry,37.7936299,-122.4046477
0,1,Daylight,Dry,37.75051130000001,-122.4205121
0,1,Daylight,Dry,37.7522409,-122.4184616
0,1,Daylight,Dry,37.7706437,-122.4419898
0,1,Dark - street lights,Dry,37.7859468,-122.419701
0,3,Daylight,Dry,37.7764968,-122.4175569
0,1,Daylight,Dry,37.768421,-122.4178024
0,1,Daylight,Dry,37.7585462,-122.4637899
0,1,Daylight,Dry,37.7685411,-122.4156536
0,1,Daylight,Dry,37.74890790000001,-122.4203495
0,1,Dark - street lights,Dry,37.7664112,-122.424319
0,1,Daylight,Dry,37.7416789,-122.50695
0,1,Daylight,Dry,37.764638,-122.4264921
0,1,Dark - street lights,Dry,37.7680117,-122.4244044
0,1,Daylight,Dry,37.7857131,-122.4400001
0,1,Daylight,Dry,37.714599,-122.4426412
0,1,Daylight,Dry,37.7706682,-122.4124673
0,1,Daylight,Dry,37.7729898,-122.4458971
0,1,Daylight,Dry,37.7740685,-122.4143524
0,1,Daylight,Dry,37.7674538,-122.4288923
0,1,Daylight,Dry,37.7976769,-122.3943387
0,1,Daylight,Dry,37.7712867,-122.4369923
0,1,Dark - street lights,Dry,37.7558338,-122.4122209
0,1,Daylight,Dry,37.7779891,-122.3916618
0,0,Dark - street lights,Dry,37.7525507,-122.3926594
0,0,Dark - street lights,Dry,37.7728984,-122.4543007
0,1,Daylight,Dry,37.7994275,-122.4359453
0,1,Dark - street lights,Dry,37.7731433,-122.4373674
0,1,Dark - street lights,Dry,37.776565,-122.4174666
0,2,Daylight,Dry,37.7797645,-122.4071059
0,1,Daylight,Dry,37.7815217,-122.4048923
0,1,Daylight,Dry,37.79293639999999,-122.4027103
0,1,Daylight,Dry,37.7762416,-122.4147016
0,1,Daylight,Dry,37.7978825,-122.4067348
0,1,Daylight,Dry,37.7575436,-122.4105342
0,1,Daylight,Dry,37.7795545,-122.3985511
0,1,Daylight,Dry,37.7743317,-122.4171291
0,1,Dark - street lights,Dry,37.7720319,-122.495972
0,1,Daylight,Dry,37.755699,-122.414388
0,1,Daylight,Dry,37.781827,-122.391945
0,1,Daylight,Dry,37.7717936,-122.4236635
0,1,Daylight,Dry,37.7845971,-122.4073136
0,1,Dark - street lights,,37.7588283,-122.4157899
0,1,Daylight,Dry,37.7829122,-122.4208511
0,1,Dark - street lights,Dry,37.7710341,-122.4538349
0,1,Daylight,Dry,37.7717004,-122.4337105
0,1,Daylight,Dry,37.7640523,-122.46632
0,1,Daylight,Dry,37.7189141,-122.4437149
0,1,Dark - street lights,Dry,37.7674538,-122.4288923
0,1,Daylight,Dry,37.76955969999999,-122.4155764
0,1,Dark - street lights,Dry,37.7822646,-122.4102691
0,1,Daylight,Dry,37.775296,-122.4191988
0,1,Daylight,Dry,37.7743317,-122.4171291
0,1,Daylight,Dry,37.7826634,-122.4003389
0,1,Daylight,Dry,37.7633297,-122.4824995
0,1,Daylight,Wet,37.7398192,-122.4240629
0,1,Daylight,Dry,37.7681528,-122.4222248
0,1,Daylight,Dry,37.7904395,-122.3999611
0,1,Daylight,Dry,37.7887239,-122.3926622
0,1,Daylight,Dry,37.7801107,-122.3942717
0,1,Daylight,Dry,37.7888127,-122.4019875
0,1,Daylight,Dry,37.7632314,-122.4845932
0,1,Daylight,Dry,37.7846271,-122.4688533
0,1,Daylight,Dry,37.7892875,-122.4013759
0,1,Daylight,Dry,37.7729273,-122.4390897
0,1,Dusk - dawn,Dry,37.7791853,-122.3908174
0,1,Daylight,Dry,37.7704323,-122.4436424
0,1,Daylight,Dry,37.7910818,-122.3991591
0,1,Daylight,Dry,37.7786966,-122.4165901
0,1,Dark - street lights,Dry,37.7733509,-122.4110462
0,1,Dark - street lights,Dry,37.7632962,-122.421752
0,1,Daylight,Dry,37.7506394,-122.4183116
1,0,Daylight,Dry,37.7490179,-122.3873498
0,1,Dark - street lights,Dry,37.778729,-122.4721161
0,1,Daylight,Dry,37.7753674,-122.3972015
0,1,Daylight,Dry,37.7857279,-122.4214184
0,1,Daylight,Dry,37.7766642,-122.4212245
0,1,Dark - street lights,Dry,37.7643819,-122.4588156
0,1,Daylight,Dry,37.7802964,-122.4033634
0,1,Daylight,Dry,37.7975122,-122.4321858
0,1,Daylight,Dry,37.7857218,-122.4058947
0,1,Daylight,Dry,37.7910818,-122.3991591
0,1,Daylight,Dry,37.7882307,-122.4168698
0,1,Daylight,Dry,37.7857218,-122.4058947
0,2,Daylight,Dry,37.7785012,-122.418194
0,1,Daylight,Dry,37.7829036,-122.4654863
0,1,Daylight,Dry,37.775012,-122.4100517
0,1,Dark - street lights,Dry,37.726063,-122.4641779
0,1,Dark - street lights,Dry,37.7749213,-122.4309891
0,1,Daylight,Dry,37.8056477,-122.4136616
0,1,Daylight,Dry,37.7643819,-122.3878885
0,1,Daylight,Dry,37.7843238,-122.4396334
0,1,Daylight,Dry,37.7782189,-122.4350443
0,1,Daylight,Dry,37.7733533,-122.4357496
0,1,Daylight,Dry,37.7717004,-122.4337105
0,1,Daylight,Dry,37.7843859,-122.4092666
0,1,Daylight,Dry,37.7815484,-122.4239256
0,2,Dark - street lights,Dry,37.7888127,-122.4019875
0,2,Daylight,Dry,37.7787499,-122.4147239
0,1,Daylight,Dry,37.7743444,-122.4201795
0,1,Dark - street lights,Dry,37.7900033,-122.4104241
0,1,Daylight,Dry,37.7417755,-122.5046197
0,1,Daylight,Dry,37.7733533,-122.4357496
0,1,Dark - street lights,Dry,37.716098,-122.4698273
0,1,Daylight,Dry,37.7760538,-122.4024877
0,1,Dark - street lights,Dry,37.7785281,-122.4055874
0,1,Daylight,Dry,37.7619663,-122.4172009
0,1,Daylight,Dry,37.77948749999999,-122.4023551
0,1,Daylight,Dry,37.790964,-122.4023974
0,1,Dark - street lights,Dry,37.771887,-122.414022
0,1,Daylight,Dry,37.726392,-122.502449
0,1,Daylight,Dry,37.7822646,-122.4102691
0,1,Daylight,Dry,37.795398,-122.3979836
0,1,Daylight,Dry,37.746758,-122.403341
0,1,Daylight,Dry,37.80041,-122.4244478
0,1,Daylight,Dry,37.7710042,-122.4569049
0,1,Daylight,Dry,37.786418,-122.453407
0,1,Daylight,Dry,37.7797081,-122.4235269
0,1,Daylight,Dry,37.773084,-122.4220088
0,1,Dark - no street lights,Dry,37.7657978,-122.4310036
0,1,Daylight,Dry,37.7898414,-122.3975251
0,1,Dusk - dawn,Dry,37.71847289999999,-122.4395039
0,1,Daylight,Dry,37.7729898,-122.4458971
0,1,Daylight,Dry,37.8022363,-122.4179913
0,1,Daylight,Dry,37.790028,-122.400352
0,1,Daylight,Dry,37.7655642,-122.4114629
0,1,Daylight,Dry,37.7756122,-122.4584747
0,1,Daylight,Dry,37.7970961,-122.4055899
0,1,Daylight,Dry,37.7606357,-122.4126776
0,1,Daylight,Dry,37.7649061,-122.4218982
0,1,Dusk - dawn,Dry,37.7797784,-122.4303047
0,1,Dark - street lights,Dry,37.7618548,-122.4748725
0,1,Dark - street lights,Dry,37.7643676,-122.4308668
0,1,Daylight,Dry,37.7641922,-122.463113
0,1,Dark - street lights,Dry,37.7734,-122.4658945
0,1,Daylight,Dry,37.7229162,-122.4447105
0,1,Dark - street lights,Dry,37.7877958,-122.4200826
0,1,Daylight,Dry,37.7832462,-122.4090403
0,1,Daylight,Dry,37.7917852,-122.3982549
0,1,Daylight,Dry,37.7795684,-122.3980277
0,1,Daylight,Dry,37.770178,-122.4949448
0,1,Daylight,Dry,37.77711070000001,-122.4104497
0,1,Daylight,Dry,37.7777098,-122.4315744
0,1,Daylight,Dry,37.7649061,-122.4218982
0,2,Dusk - dawn,Dry,37.805587,-122.4440002
0,0,Daylight,Dry,37.7728316,-122.4128007
0,1,Daylight,Dry,37.7862439,-122.454774
0,1,Dark - street lights,Dry,37.7590895,-122.4115793
0,1,Daylight,Dry,37.76085,-122.496284
0,1,Dark - street lights,Dry,37.7775,-122.4332268
0,1,Dark - street lights,Dry,37.7506394,-122.4183116
0,1,Daylight,Dry,37.782563,-122.3973664
0,1,Daylight,Dry,37.7888127,-122.4019875
0,1,Dark - street lights,Dry,37.7733033,-122.4680468
0,1,Daylight,Dry,37.7942157,-122.4146581
0,1,Daylight,Dry,37.8060317,-122.4185071
0,1,Daylight,Dry,37.7665431,-122.4220576
0,1,Dark - street lights,Dry,37.7799427,-122.4868648
0,1,Dark - street lights,Dry,37.787646,-122.402759
0,0,Daylight,Dry,37.78520719999999,-122.4179538
0,1,Daylight,Dry,37.7705053,-122.4798826
0,1,Daylight,Dry,37.7286958,-122.425261
0,1,Daylight,Dry,37.73102009999999,-122.4719164
0,1,Daylight,Dry,37.7967255,-122.4084631
0,1,Dark - street lights,Dry,37.77960400000001,-122.4167578
0,0,Daylight,Dry,37.7743317,-122.4171291
0,1,Daylight,Dry,37.7950311,-122.4216028
0,1,Dark - street lights,Dry,37.755576,-122.4165773
0,1,Daylight,Dry,37.7683372,-122.4192792
0,1,Daylight,Dry,37.7692001,-122.4335347
0,1,Daylight,Dry,37.7775182,-122.4162823
0,1,Dark - street lights,Dry,37.7779891,-122.3916618
0,1,Daylight,Dry,37.7740841,-122.4375555
0,1,Dark - street lights,Dry,37.7749295,-122.4194155
0,1,Daylight,Dry,37.7685411,-122.4156536
0,1,Dusk - dawn,Dry,37.752111,-122.4206602
0,1,Dark - street lights,Dry,37.7850363,-122.44153
0,1,Dark - street lights,Dry,37.7649061,-122.4218982
0,1,Dusk - dawn,Dry,37.77994940000001,-122.3896419
0,1,Daylight,Dry,37.7657823,-122.4075633
0,1,Dark - street lights,Dry,37.775012,-122.4100517
0,1,Daylight,Dry,37.8034943,-122.4232668
0,1,Dark - street lights,Dry,37.7307904,-122.4292132
0,1,Daylight,Dry,37.7126263,-122.4447509
0,1,Daylight,Dry,37.7701069,-122.4537263
0,1,Daylight,Dry,37.7815484,-122.4239256
0,1,Dark - street lights,Dry,37.7575706,-122.4233862
0,1,Dark - street lights,Dry,37.7555087,-122.4176652
0,0,Daylight,Dry,37.7787499,-122.4147239
0,1,Daylight,Dry,37.7653577,-122.4783427
0,1,Daylight,Dry,37.7864415,-122.4700564
0,0,Daylight,Dry,37.7645087,-122.4286526
0,1,Dark - street lights,Wet,37.7694708,-122.4290871
0,1,Daylight,Dry,37.7597955,-122.4779532
0,1,Daylight,Dry,37.7797784,-122.4303047
0,1,Daylight,Dry,37.7729898,-122.4458971
0,1,Daylight,Dry,37.775296,-122.4191988
0,1,Dark - street lights,Dry,37.7819767,-122.4206347
0,1,Dark - street lights,Dry,37.7522409,-122.4184616
0,1,Daylight,Dry,37.786302,-122.44661
0,1,Dark - street lights,Dry,37.7782883,-122.4198114
0,1,Daylight,Dry,37.7864983,-122.4299484
0,1,Daylight,Dry,37.740167,-122.435896
0,1,Dark - street lights,Dry,37.7651197,-122.4186115
0,1,Dark - street lights,Dry,37.77793610000001,-122.4297694
0,1,Daylight,Dry,37.7665431,-122.4220576
0,1,Daylight,Dry,37.7680117,-122.4244044
0,1,Daylight,Dry,37.7292259,-122.3925482
0,1,Dark - street lights,Dry,37.7612911,-122.4283487
0,1,Daylight,Dry,37.77024979999999,-122.4300448
0,1,Daylight,Dry,37.74103789999999,-122.4228308
0,1,Daylight,Dry,37.799118,-122.4088817
0,1,Dark - street lights,Dry,37.7585462,-122.4637899
0,1,Dark - street lights,Dry,37.7751326,-122.4191837
0,1,Dark - street lights,Dry,37.796168,-122.420118
0,1,Daylight,Dry,37.7618377,-122.4193771
0,1,Daylight,Dry,37.781485,-122.4171119
0,1,Daylight,Dry,37.7729898,-122.4458971
0,1,Daylight,Dry,37.7785012,-122.418194
0,1,Daylight,Dry,37.73102009999999,-122.4719164
0,1,Daylight,Wet,37.9095522,-122.0883876
0,1,Dark - street lights,Dry,37.7894253,-122.3970158
0,1,Daylight,Dry,37.7256892,-122.4750959
0,1,Daylight,Dry,37.7901468,-122.3909102
0,1,Dark - street lights,Dry,37.7539092,-122.4175084
0,1,Dark - street lights,Dry,37.763571,-122.4771419
0,0,Daylight,Dry,37.7822097,-122.4189391
0,1,Daylight,Dry,37.7815217,-122.4048923
0,1,Daylight,Dry,37.780519,-122.412491
0,1,Daylight,Dry,37.7729898,-122.4458971
0,1,Daylight,Dry,37.7626764,-122.4320967
0,1,Daylight,Dry,37.7850363,-122.44153
0,1,Daylight,Dry,37.7629793,-122.4271799
0,1,Daylight,Dry,37.76955969999999,-122.4155764
0,1,Daylight,Dry,37.771833,-122.4016282
0,1,Daylight,Dry,37.7728316,-122.4128007
0,1,Daylight,Dry,37.7623006,-122.4013084
0,1,Dark - street lights,Wet,37.77065959999999,-122.4248935
0,1,Daylight,Dry,37.7857218,-122.4058947
0,1,Daylight,Dry,37.74229589999999,-122.4928357
0,1,Daylight,Dry,37.7798229,-122.4150943
0,1,Daylight,Dry,37.7515269,-122.4956414
0,1,Dark - street lights,Dry,37.7554343,-122.4187616
0,1,Daylight,Dry,37.7691868,-122.4079608
0,1,Daylight,Wet,37.7619061,-122.4183084
0,1,Daylight,Dry,37.7215767,-122.4724297
0,1,Dark - street lights,Dry,37.764638,-122.4264921
0,1,Dark - street lights,Dry,37.7877733,-122.4050549
0,1,Dark - street lights,Dry,37.7803142,-122.4185632
0,1,Dark - street lights,Dry,37.7816902,-122.4154651
0,1,Daylight,Dry,37.76666910000001,-122.4333135
0,1,Dark - street lights,Wet,37.7858255,-122.4130276
0,1,Daylight,Dry,37.7876149,-122.4065812
0,1,Dark - street lights,Dry,37.72439,-122.4582501
0,1,Dark - street lights,Dry,37.765315,-122.415308
0,1,Dark - street lights,Wet,37.7839698,-122.4126179
0,1,Dark - street lights,Dry,37.7894624,-122.4069522
0,1,Dark - street lights,Dry,37.7648478,-122.4015809
0,1,Daylight,Dry,37.771994,-122.4233897
0,1,Dark - street lights,Dry,37.7866271,-122.4592691
0,1,Dark - street lights,Dry,37.7660292,-122.4036319
0,1,Dark - street lights,Dry,37.7685411,-122.4156536
0,1,Daylight,Dry,37.7876818,-122.403397
0,1,Daylight,Dry,37.7702196,-122.4453384
0,1,Daylight,Dry,37.7843859,-122.4092666
0,1,Daylight,Dry,37.7724353,-122.4226112
0,1,Dark - street lights,Dry,37.7729898,-122.4458971
0,2,Dark - street lights,Dry,37.7803142,-122.4185632
0,1,Daylight,Dry,37.7309519,-122.4104699
0,1,Dark - street lights,Dry,37.7827554,-122.4064319
0,1,Dark - street lights,Dry,37.7495482,-122.4097722
0,1,Dark - street lights,Dry,37.7682842,-122.4200074
0,1,Daylight,Dry,37.7876818,-122.403397
0,1,Dark - street lights,Wet,37.7553071,-122.4209695
0,1,Dark - street lights,Wet,37.7423016,-122.4232332
0,1,Dark - street lights,Dry,37.7453305,-122.4200646
0,1,Dark - street lights,Dry,37.7811436,-122.4599968
0,1,Daylight,Wet,37.773554,-122.503609
0,1,Dusk - dawn,Dry,37.7773981,-122.4264809
0,1,Daylight,Dry,37.7243368,-122.4296529
0,2,Daylight,Dry,37.718996,-122.500028
0,1,Dark - street lights,Dry,37.7632962,-122.421752
0,1,Daylight,Dry,37.7266691,-122.4838342
0,1,Dark - street lights,Dry,37.7329911,-122.4046175
0,1,Dark - street lights,Dry,37.7656039,-122.4104985
0,1,Daylight,Dry,37.7665431,-122.4220576
0,1,Daylight,Dry,37.7203505,-122.3918714
0,1,Daylight,Wet,37.7775581,-122.4098818
0,1,Dark - street lights,Dry,37.7698864,-122.422401
0,1,Daylight,Dry,37.7772694,-122.4585952
0,1,Daylight,Wet,37.7724353,-122.4226112
0,1,Dark - street lights,Wet,37.772204,-122.4372752
0,1,Daylight,Wet,37.7970961,-122.4055899
0,1,Daylight,Wet,37.777834,-122.4231488
0,1,Daylight,Dry,37.8049215,-122.4117887
0,1,Dark - street lights,Dry,37.7578347,-122.4799666
0,1,Daylight,Wet,37.760472,-122.504857
0,1,Dark - street lights,Dry,37.764638,-122.4264921
0,1,Dark - street lights,Dry,37.7799491,-122.4558517
0,1,Daylight,Wet,37.7943877,-122.4265241
0,1,Daylight,Dry,37.79293639999999,-122.4027103
0,1,Daylight,Dry,37.7793549,-122.433596
0,1,Daylight,Dry,37.7649061,-122.4218982
0,1,Daylight,Dry,37.77004850000001,-122.4316641
0,1,Daylight,Dry,37.7632962,-122.421752
0,1,Daylight,Dry,37.7796686,-122.4386884
0,1,Daylight,Dry,37.8051653,-122.4101517
0,1,Daylight,Dry,37.7895549,-122.3885432
0,1,Daylight,Dry,37.7711983,-122.4302345
0,1,Daylight,Dry,37.7850617,-122.4591456
0,1,Dark - street lights,Dry,37.7425373,-122.4043396
0,1,Daylight,Dry,37.7657823,-122.4075633
0,1,Daylight,Dry,37.7634656,-122.4352378
0,0,Daylight,Wet,37.7887057,-122.4052431
0,1,Daylight,Dry,37.7782721,-122.4141044
0,1,Dark - street lights,Wet,37.7632962,-122.421752
0,1,Daylight,Dry,37.7784463,-122.4098875
0,1,Daylight,Dry,37.777816,-122.4002645
0,1,Daylight,Dry,37.7574921,-122.4379429
0,1,Dark - street lights,Dry,37.7668307,-122.390804
0,1,Dark - street lights,Dry,37.7810472,-122.4476039
0,1,Daylight,Dry,37.7738889,-122.4240124
0,2,Daylight,Dry,37.7717936,-122.4236635
0,1,Daylight,Dry,37.7831409,-122.419133
0,1,Daylight,Dry,37.7605308,-122.440918
0,1,Dusk - dawn,Dry,37.761417,-122.4834077
0,1,Daylight,Dry,37.7859468,-122.419701
0,1,Daylight,Dry,37.7482662,-122.4158867
0,1,Dark - street lights,Dry,37.7686877,-122.4134564
0,2,Dusk - dawn,Dry,37.7709333,-122.4550429
0,1,Daylight,Wet,37.780519,-122.412491
0,1,Daylight,Dry,37.7674538,-122.4288923
0,1,Daylight,Dry,37.772329,-122.4287808
0,1,Dark - street lights,Dry,37.75689879999999,-122.4211319
0,1,Dark - street lights,Dry,37.7245691,-122.4591736
0,1,Daylight,Dry,37.7787499,-122.4147239
0,1,Dark - street lights,Dry,37.7207802,-122.4466411
0,2,Daylight,Dry,37.8053499,-122.4236702
0,1,Daylight,Dry,37.7840284,-122.4080265
0,1,Dark - street lights,Dry,37.7673046,-122.4531552
0,1,Daylight,Dry,37.7500704,-122.392444
0,1,Daylight,Dry,37.7307054,-122.4356593
0,1,Daylight,Dry,37.774389,-122.4015004
0,1,Daylight,Dry,37.7634262,-122.480364
0,1,Dark - street lights,Wet,37.7834931,-122.4087238
0,1,Dark - street lights,Dry,37.7814322,-122.4323297
0,1,Daylight,Dry,37.7472685,-122.4590917
0,1,Daylight,Dry,37.7647778,-122.4241632
0,1,Dark - street lights,Dry,37.790964,-122.4023974
0,1,Daylight,Dry,37.774874,-122.4462951
0,1,Dusk - dawn,Dry,37.7931049,-122.4011506
0,1,Daylight,Dry,37.7710341,-122.4538349
0,1,Dark - street lights,Dry,37.7481763,-122.4202718
0,1,Daylight,Dry,37.7955487,-122.3967947
0,1,Daylight,Dry,37.76356699999999,-122.4173459
0,1,Daylight,Dry,37.7236423,-122.4612631
0,1,Daylight,Dry,37.7822646,-122.4102691
0,1,Daylight,Dry,37.7885267,-122.394158
0,1,Daylight,Dry,37.805587,-122.4440002
0,1,Dark - street lights,Dry,37.7873249,-122.438582
0,0,Daylight,Dry,37.760097,-122.421435
0,1,Daylight,Dry,37.7618377,-122.4193771
0,1,Daylight,Dry,37.7734969,-122.4648096
0,1,Daylight,Dry,37.76955969999999,-122.4155764
0,1,Daylight,Dry,37.7633297,-122.4824995
0,1,Daylight,Dry,37.7768707,-122.4381249
0,1,Daylight,Dry,37.7703634,-122.4292044
0,1,Dark - street lights,Wet,37.752629,-122.4119
0,1,Daylight,Dry,37.7685411,-122.4156536
0,2,Daylight,Dry,37.758961,-122.4136166
0,1,Daylight,Dry,37.7717488,-122.4168882
0,1,Daylight,Dry,37.6858451,-122.487216
0,1,Dark - street lights,Dry,37.7717936,-122.4236635
0,2,Daylight,Dry,37.8206052,-122.4786055
0,1,Daylight,Dry,37.7826178,-122.4156499
0,1,Daylight,Dry,37.764208,-122.5061834
0,1,Daylight,Dry,37.7649061,-122.4218982
0,2,Dark - street lights,Dry,37.790028,-122.400352
0,1,Daylight,Dry,37.7822097,-122.4189391
0,1,Daylight,Dry,37.78912,-122.402029
0,1,Daylight,Dry,37.7582204,-122.4258689
0,1,Daylight,Dry,37.7856599,-122.5002679
0,1,Daylight,Dry,37.77960400000001,-122.4167578
0,1,Daylight,Dry,37.7112121,-122.4411266
0,1,Daylight,Dry,37.7645087,-122.4286526
0,1,Daylight,Dry,37.7659746,-122.4664371
0,1,Dark - street lights,Dry,37.7724353,-122.4226112
0,1,Daylight,Dry,37.7508475,-122.5081779
0,1,Daylight,Dry,37.7719183,-122.4540685
0,1,Daylight,Dry,37.7724353,-122.4226112
0,1,Daylight,Wet,37.79324039999999,-122.4076893
0,2,Daylight,Dry,37.7892875,-122.4013759
0,1,Daylight,Dry,37.7950311,-122.4216028
0,1,Daylight,Dry,37.7650501,-122.4196959
0,0,Daylight,Dry,37.7810499,-122.4204812
0,1,Daylight,Dry,37.7726718,-122.4149928
0,1,Dark - street lights,Dry,37.7587728,-122.4168824
0,1,Daylight,Dry,37.7157597,-122.4415633
0,1,Daylight,Dry,37.7083323,-122.4498487
0,1,Daylight,Dry,37.796168,-122.420118
0,1,Dark - street lights,Dry,37.7959493,-122.4099273
0,1,Daylight,Dry,37.7708901,-122.4897936
0,1,Daylight,Dry,37.7898414,-122.3975251
0,1,Daylight,Dry,37.7817954,-122.3884153
0,0,Dark - street lights,Dry,37.753532,-122.492548
0,1,Dusk - dawn,Dry,37.7811915,-122.4588743
0,1,Dusk - dawn,Dry,37.7906368,-122.3985498
0,1,Dark - street lights,Dry,37.7374614,-122.4752234
0,1,Dark - street lights,Dry,37.7787499,-122.4147239
0,1,Dark - street lights,Dry,37.7824538,-122.4393469
0,1,Daylight,Dry,37.7819173,-122.4521616
0,1,Daylight,Dry,37.7816902,-122.4154651
0,1,Daylight,Dry,37.783882,-122.485011
0,1,Daylight,Dry,37.7662621,-122.4266019
0,1,Daylight,Dry,37.7793549,-122.433596
0,1,Daylight,Dry,37.753201,-122.500045
0,0,Daylight,Wet,37.7734,-122.4658945
0,1,Daylight,Dry,37.7762416,-122.4147016
0,1,Daylight,Dry,37.7682375,-122.4533534
0,1,Daylight,Dry,37.7757453,-122.3933873
0,1,Daylight,Dry,37.7661371,-122.4288136
0,1,Daylight,Dry,37.7970961,-122.4055899
0,1,Dark - street lights,Dry,37.7786376,-122.4470475
0,1,Daylight,Dry,37.7651197,-122.4186115
0,1,Daylight,Dry,37.7698864,-122.422401
0,1,Daylight,Dry,37.7680117,-122.4244044
0,1,Dark - street lights,Dry,37.8008341,-122.4278577
0,1,Daylight,Dry,37.7833811,-122.439544
0,1,Daylight,Dry,37.7729898,-122.4458971
0,1,Daylight,Dry,37.7729898,-122.4458971
0,1,Dark - street lights,Dry,37.7822646,-122.4102691
0,1,Dark - street lights,Dry,37.7601497,-122.4207011
0,1,Daylight,Dry,37.768907,-122.4594535
0,1,Daylight,Dry,37.7885245,-122.4067774
0,1,Daylight,Dry,37.71368570000001,-122.4370019
0,1,Daylight,Dry,37.7745842,-122.4811275
0,1,Daylight,Dry,37.7724353,-122.4226112
0,1,Dark - street lights,Dry,37.7615676,-122.4237799
0,1,Daylight,Dry,37.7523678,-122.4162732
0,1,Daylight,Dry,37.7805673,-122.4081246
0,1,Daylight,Dry,37.7775356,-122.4179955
0,1,Daylight,Dry,37.804145,-122.4251668
0,1,Daylight,Dry,37.7645013,-122.4074395
0,1,Daylight,Dry,37.765183,-122.417487
0,1,Dark - street lights,Dry,37.7481763,-122.4202718
0,0,Dark - street lights,Dry,37.7585462,-122.4637899
0,1,Dark - street lights,Dry,37.73322510000001,-122.3913381
0,1,Daylight,Dry,37.7356656,-122.3922149
0,0,Dark - street lights,Dry,37.760097,-122.421435
0,1,Daylight,Dry,37.7360098,-122.4419261
0,0,Dark - street lights,Dry,37.7647778,-122.4241632
0,1,Daylight,Dry,37.7717936,-122.4236635
0,0,Daylight,Dry,37.7423797,-122.4219896
0,1,Daylight,Dry,37.7654522,-122.4131332
0,1,Daylight,Dry,37.7605001,-122.414854
0,1,Dusk - dawn,Dry,37.7642783,-122.4609616
0,1,Daylight,Dry,37.7694443,-122.4062321
0,1,Dark - street lights,Dry,37.7342809,-122.4257936
0,1,Daylight,Dry,37.7748303,-122.4243156
0,1,Daylight,Dry,37.7892875,-122.4013759
0,1,Daylight,Dry,37.7867558,-122.4132172
0,1,Daylight,Dry,37.7698864,-122.422401
0,1,Daylight,Dry,37.7731433,-122.4373674
0,1,Daylight,Dry,37.75594720000001,-122.4103808
0,1,Dark - street lights,Dry,37.77065959999999,-122.4248935
0,1,Daylight,Dry,37.7142608,-122.4467847
0,1,Daylight,Dry,37.7605001,-122.414854
0,1,Daylight,Dry,37.7628926,-122.428515
0,1,Dusk - dawn,Dry,37.7706682,-122.4124673
0,1,Daylight,Dry,37.7749295,-122.4194155
0,1,Daylight,Dry,37.771738,-122.5024
0,1,Daylight,Dry,37.7717936,-122.4236635
0,1,Daylight,Dry,37.7467769,-122.4191378
0,1,Daylight,Dry,37.7985077,-122.4022009
0,0,Daylight,Dry,37.7771137,-122.3949497
0,1,Daylight,Dry,37.8052397,-122.4172667
1,0,Daylight,Dry,37.7067098,-122.394461
1,0,Daylight,Dry,37.7775,-122.4332268
0,0,Daylight,Dry,37.7392456,-122.4239304
0,1,Daylight,Dry,37.7696472,-122.4261636
0,1,Daylight,Dry,37.7743494,-122.4583576
0,1,Dark - street lights,Dry,37.771994,-122.4233897
0,1,Daylight,Dry,37.7729898,-122.4458971
0,1,Dark - street lights,Dry,37.800285,-122.4109018
0,1,Daylight,Dry,37.7640969,-122.413003
0,1,Daylight,Dry,37.784617,-122.444831
0,1,Dark - street lights,Dry,37.7800837,-122.4354173
0,1,Daylight,Dry,37.8361592,-122.4835431
0,1,Daylight,Dry,37.7746147,-122.4259347
0,1,Daylight,Dry,37.8081363,-122.4090752
0,1,Daylight,Dry,37.7840284,-122.4080265
0,1,Dark - street lights,Dry,37.7840284,-122.4080265
0,0,Daylight,Dry,37.7242022,-122.4065711
0,1,Dusk - dawn,Wet,37.7811447,-122.4272124
0,2,Daylight,Dry,37.7749295,-122.4194155
0,1,Dark - street lights,Dry,37.7837335,-122.4143048
0,1,Dark - street lights,Dry,37.7614277,-122.4261745
0,0,Daylight,Dry,37.76390749999999,-122.4695357
0,1,Daylight,Dry,37.7830235,-122.4124505
0,1,Daylight,Dry,37.787438,-122.445402
0,1,Dark - street lights,Dry,37.776658,-122.4398343
0,1,Daylight,Dry,37.8043748,-122.4369675
0,1,Daylight,Dry,37.7712867,-122.4369923
0,1,Dusk - dawn,Dry,37.7806384,-122.3905023
0,1,Daylight,Dry,37.747218,-122.3959116
0,2,Daylight,Dry,37.786571,-122.4048185
0,1,Daylight,Dry,37.7469596,-122.4106248
0,2,Daylight,Dry,37.7787499,-122.4147239
0,1,Daylight,Dry,37.7968363,-122.3952229
0,2,Daylight,Dry,37.805373,-122.4456538
0,1,Daylight,Dry,37.7575647,-122.4234745
0,1,Daylight,Dry,37.7864027,-122.3956161
0,1,Dark - street lights,Dry,37.764638,-122.4264921
0,1,Dark - street lights,Dry,37.7647778,-122.4241632
0,1,Daylight,Dry,37.7749295,-122.4194155
0,1,Daylight,Dry,37.7871109,-122.3879541
0,1,Daylight,Dry,37.8057471,-122.4204214
0,1,Daylight,Dry,37.7660798,-122.4026741
0,1,Daylight,Dry,37.7249988,-122.4611913
0,1,Daylight,Dry,37.7651197,-122.4186115
0,1,Daylight,Dry,37.7432931,-122.4702415
0,1,Daylight,Dry,37.7724353,-122.4226112
0,1,Dark - street lights,Dry,37.7755058,-122.4488561
0,1,Daylight,Dry,37.7360943,-122.506205
0,0,Dark - street lights,Dry,37.8050562,-122.4320167
0,1,Daylight,Dry,37.788071,-122.4403886
0,1,Dark - street lights,Dry,37.790964,-122.4023974
0,1,Daylight,Dry,37.7749295,-122.4194155
0,1,Daylight,Dry,37.7862266,-122.4019649
0,1,Daylight,Dry,37.761876,-122.4081961
0,1,Daylight,Dry,37.763376,-122.420433
0,1,Daylight,Dry,37.7232194,-122.3953716
0,1,Daylight,Dry,37.7789946,-122.4662888
0,1,Daylight,Dry,37.771224,-122.4738817
0,1,Daylight,Dry,37.7840284,-122.4080265
0,1,Daylight,Dry,37.7859468,-122.419701
1,0,Daylight,Dry,37.7419038,-122.3866093
0,1,Daylight,Dry,37.7830235,-122.4124505
0,1,Daylight,Dry,37.7959187,-122.4217837
0,1,Daylight,Dry,37.7710264,-122.4196569
0,1,Daylight,Dry,37.7665431,-122.4220576
0,1,Daylight,Dry,37.7749295,-122.4194155
0,1,Daylight,Dry,37.7634263,-122.4195461
0,2,Daylight,Dry,37.7987918,-122.4072641
0,1,Daylight,Dry,37.7659476,-122.4782445
0,1,Daylight,Dry,37.7812755,-122.4187743
0,1,Dark - street lights,Dry,37.7550258,-122.4255266
0,1,Daylight,Dry,37.7870532,-122.448472
0,1,Daylight,Dry,37.7848,-122.4212355
0,1,Daylight,Dry,37.7785281,-122.4055874
0,1,Dark - street lights,Dry,37.7808362,-122.3995675
0,1,Daylight,Dry,37.8066316,-122.4138267
0,1,Daylight,Dry,37.7892875,-122.4013759
0,1,Daylight,Dry,37.7805398,-122.4761812
0,1,Daylight,Dry,37.7649061,-122.4218982
0,1,Daylight,Dry,37.8012902,-122.3988257
0,0,Dark - street lights,Dry,37.776565,-122.4174666
0,0,Daylight,Dry,37.7857218,-122.4058947
0,0,Daylight,Dry,37.7815817,-122.4945176
0,0,Daylight,Dry,37.7843313,-122.3951251
0,0,Daylight,Dry,37.7464516,-122.4204018
0,1,Dark - street lights,Dry,37.7245691,-122.4591736
0,0,Daylight,Dry,37.7312129,-122.4050789
0,1,Daylight,Dry,37.7694443,-122.4062321
0,1,Dark - street lights,Dry,37.766219,-122.4276538
0,1,Daylight,Dry,37.7680117,-122.4244044
0,1,Daylight,Dry,37.7896778,-122.4204624
0,1,Dark - street lights,Dry,37.7634656,-122.4352378
0,2,Daylight,Dry,37.7892875,-122.4013759
0,1,Daylight,Dry,37.775012,-122.4100517
0,1,Dark - street lights,Dry,37.7519766,-122.4228525
0,1,Dark - street lights,Dry,37.7632962,-122.421752
0,1,Daylight,Dry,37.7912164,-122.4007711
0,1,Daylight,Dry,37.7487316,-122.406736
0,1,Daylight,,37.787289,-122.4017992
0,1,Dark - street lights,Dry,37.7275648,-122.4020503
0,1,Dark - street lights,Dry,37.7748303,-122.4243156
0,1,Daylight,Dry,37.77994940000001,-122.3896419
0,1,Dark - no street lights,Dry,37.7700827,-122.4069588
0,1,Daylight,Dry,37.790964,-122.4023974
0,2,Daylight,Dry,37.7728017,-122.4474969
0,0,Daylight,Dry,37.80046189999999,-122.4092325
0,2,Dark - street lights,Dry,37.756775,-122.423308
0,1,Daylight,Dry,37.7749295,-122.4194155
0,1,Dark - street lights,Dry,37.7721283,-122.4304283
0,1,Daylight,Dry,37.7859468,-122.419701
0,1,Dark - street lights,Dry,37.7694708,-122.4290871
0,1,Daylight,Dry,37.7680117,-122.4244044
0,1,Daylight,Dry,37.7659746,-122.4664371
0,1,Daylight,Dry,37.7850417,-122.4004492
0,1,Dusk - dawn,Dry,37.7456268,-122.419862
0,1,Daylight,Dry,37.7706682,-122.4124673
0,1,Daylight,Dry,37.7604966,-122.3886688
0,1,Daylight,Dry,37.7740841,-122.4375555
0,1,Daylight,Dry,37.7628873,-122.412899
0,1,Daylight,Dry,37.77065959999999,-122.4248935
0,1,Daylight,Dry,37.7840284,-122.4080265
0,1,Daylight,Dry,37.7959187,-122.4217837
0,1,Daylight,Dry,37.77124080000001,-122.4522333
0,1,Daylight,Dry,37.7814491,-122.4563082
0,1,Daylight,Dry,37.7239606,-122.4850914
0,1,Daylight,Dry,37.7867979,-122.3982186
0,1,Daylight,Dry,37.7793496,-122.4587454
0,1,Daylight,Dry,37.7736316,-122.3993914
0,1,Daylight,Dry,37.7729898,-122.4458971
0,1,Daylight,Dry,37.7856599,-122.5002679
0,0,Dark - street lights,Dry,37.7728316,-122.4128007
0,1,Dark - street lights,Dry,37.7693867,-122.4518748
0,1,Daylight,Dry,37.7959187,-122.4217837
0,0,Daylight,Dry,37.7727315,-122.4255433
0,1,Daylight,Dry,37.734567,-122.499294
0,1,Daylight,Dry,37.7885404,-122.4219836
0,1,Daylight,Dry,37.7713688,-122.4438275
0,1,Daylight,Dry,37.7318506,-122.3871703
0,1,Dark - street lights,Dry,37.7702196,-122.4453384
0,1,Daylight,Dry,37.7851546,-122.4330625
0,1,Daylight,Dry,37.7784327,-122.4334069
0,1,Dark - street lights,Dry,37.768421,-122.4178024
0,1,Dark - street lights,Dry,37.772204,-122.4372752
0,1,Daylight,Dry,37.7815484,-122.4239256
0,2,Daylight,Dry,37.733606,-122.4341351
0,1,Daylight,Dry,37.7855623,-122.3966585
0,1,Daylight,Dry,37.7977158,-122.4305269
0,1,Dark - street lights,Dry,37.7829579,-122.4428753
0,1,Daylight,Dry,37.7822097,-122.4189391
0,1,Daylight,Dry,37.793425,-122.3987514
0,1,Daylight,Dry,37.778754,-122.4716589
0,1,Daylight,Dry,37.7706682,-122.4124673
0,1,Daylight,Dry,37.7763391,-122.4083728
0,1,Daylight,Dry,37.7729898,-122.4458971
0,1,Daylight,Dry,37.7750051,-122.4131347
0,1,Daylight,Dry,37.77159899999999,-122.4225426
0,1,Daylight,Dry,37.758896,-122.4147005
0,1,Dark - street lights,Dry,37.7433361,-122.4691663
0,1,Dark - street lights,Dry,37.75051130000001,-122.4205121
0,1,Daylight,Dry,37.782997,-122.4633553
0,1,Daylight,Dry,37.7810472,-122.4476039
0,1,Daylight,Dry,37.77159899999999,-122.4225426
0,2,Daylight,Dry,37.7724353,-122.4226112
0,1,Dark - street lights,Dry,37.760238,-122.4192351
0,0,Daylight,Dry,37.7497853,-122.3952664
0,1,Dark - street lights,Dry,37.7758072,-122.4464742
0,1,Daylight,Dry,37.7841725,-122.4109793
0,1,Daylight,Dry,37.7822646,-122.4102691
0,1,Daylight,Dry,37.7863607,-122.3976602
0,1,Dark - street lights,Dry,37.7749995,-122.4378537
0,1,Dark - street lights,Dry,37.7891149,-122.432197
0,1,Daylight,Dry,37.7758072,-122.4464742
0,2,Dark - street lights,Dry,37.7717004,-122.4337105
0,1,Dark - street lights,Dry,37.740018,-122.3995409
0,1,Daylight,Dry,37.7777098,-122.4315744
0,1,Daylight,Dry,37.7771137,-122.3949497
0,1,Daylight,Dry,37.7160535,-122.4445299
0,1,Daylight,Dry,37.76677,-122.482372
0,1,Daylight,Dry,37.7705053,-122.4798826
0,0,Daylight,Dry,37.7940171,-122.4157282
0,1,Dark - street lights,Dry,37.7538149,-122.486118
0,1,Daylight,Dry,37.7810499,-122.4204812
0,1,Dark - street lights,Dry,37.7845393,-122.4042338
0,1,Daylight,Dry,37.7792842,-122.4598634
0,1,Daylight,Dry,37.7832462,-122.4090403
0,1,Dark - street lights,Dry,37.786392,-122.438394
0,1,,Dry,37.775827,-122.4110514
0,1,Daylight,Dry,37.7664112,-122.424319
0,1,Daylight,Dry,37.7645531,-122.4986954
0,1,Dark - street lights,Dry,37.7811088,-122.4273672
0,1,Dark - street lights,Dry,37.737069,-122.4924752
0,1,Daylight,Dry,37.7419673,-122.5003302
0,1,Daylight,Dry,37.7160889,-122.4715423
0,1,Daylight,Dry,37.775296,-122.4191988
0,1,Daylight,Dry,37.7649061,-122.4218982
0,1,Dark - street lights,Dry,37.7741421,-122.490768
0,1,Dusk - dawn,Dry,37.78389689999999,-122.442989
0,1,Daylight,Dry,37.7634262,-122.480364
0,1,Dark - street lights,Dry,37.7909002,-122.4526253
0,1,Dusk - dawn,Dry,37.726063,-122.4641779
0,1,Daylight,Dry,37.7724353,-122.4226112
0,1,Dark - street lights,Dry,37.7690679,-122.4200704
0,1,Dark - street lights,Dry,37.760709,-122.499497
0,1,Dark - street lights,Dry,37.7706603,-122.4343991
0,1,Daylight,Dry,37.77159899999999,-122.4225426
0,1,Daylight,Dry,37.7791483,-122.4352208
0,1,Daylight,Dry,37.7697121,-122.4178256
0,1,Dark - street lights,Dry,37.7647778,-122.4241632
0,1,Daylight,Dry,37.7608915,-122.4349914
0,1,Dark - street lights,Dry,37.775557,-122.4186637
0,1,Daylight,Dry,37.7656706,-122.4353273
0,1,Dark - street lights,Dry,37.7892875,-122.4013759
0,1,Daylight,Dry,37.789837,-122.434027
0,1,Daylight,Dry,37.7681569,-122.50046
0,1,Daylight,Dry,37.7808031,-122.418667
0,1,Daylight,Dry,37.7296587,-122.4865881
0,1,Daylight,Dry,37.733364,-122.49368
0,1,Daylight,Dry,37.7236161,-122.4007852
0,1,Daylight,Dry,37.7888127,-122.4019875
0,1,Dark - street lights,Dry,37.7687697,-122.4222851
0,1,Daylight,Dry,37.795398,-122.3979836
0,2,Dark - street lights,Wet,37.7647778,-122.4241632
0,1,Dark - street lights,Dry,37.7717936,-122.4236635
0,1,Daylight,Wet,37.7647778,-122.4241632
0,1,Dark - street lights,Dry,37.7795684,-122.3980277
0,1,Daylight,Dry,37.7726114,-122.4658347
0,1,Daylight,Dry,37.7876818,-122.403397
0,1,Dark - street lights,Dry,37.7632962,-122.421752
0,1,Daylight,Dry,37.780519,-122.412491
0,1,Daylight,Wet,37.7869116,-122.4592852
0,1,Dusk - dawn,Dry,37.7698864,-122.422401
0,1,Daylight,Dry,37.77806169999999,-122.4123894
0,2,Dusk - dawn,Dry,37.805146,-122.403233
0,1,Dark - street lights,Dry,37.7859468,-122.419701
0,1,Daylight,Dry,37.7642404,-122.4329683
0,1,Dark - street lights,Dry,37.7605904,-122.440018
0,1,Dusk - dawn,Dry,37.749419,-122.4054339
0,1,Daylight,Dry,37.7793496,-122.4587454
0,1,Daylight,Dry,37.7724353,-122.4226112
0,1,Dark - street lights,Dry,37.7810472,-122.4476039
0,1,Daylight,Dry,37.7880149,-122.4184447
0,1,Dark - street lights,Dry,37.8027643,-122.4137428
0,1,Daylight,Dry,37.786571,-122.4048185
0,1,Dark - street lights,Dry,37.763571,-122.4771419
0,1,Dark - street lights,Dry,37.7509978,-122.4123338
0,1,Dusk - dawn,Dry,37.7527411,-122.4100829
0,1,Dark - street lights,Dry,37.7797645,-122.4071059
0,1,Daylight,Dry,37.7802926,-122.480187
0,1,Daylight,Dry,37.7664112,-122.424319
0,1,Dark - street lights,Dry,37.7628926,-122.428515
0,1,Daylight,Dry,37.7660292,-122.4036319
0,1,Daylight,Dry,37.7793496,-122.4587454
0,1,Daylight,Wet,37.719446,-122.4475313
0,1,Daylight,Dry,37.7822646,-122.4102691
0,1,Daylight,Wet,37.7940171,-122.4157282
0,2,Daylight,Dry,37.7896778,-122.4204624
0,1,Daylight,Dry,37.777834,-122.4231488
0,1,Dusk - dawn,Wet,37.775296,-122.4191988
0,1,Dark - street lights,Dry,37.794091,-122.4079517
0,1,Daylight,Dry,37.77004850000001,-122.4316641
0,1,Daylight,Dry,37.73102009999999,-122.4719164
0,1,Dark - street lights,Dry,37.7674538,-122.4288923
0,1,Dark - street lights,Dry,37.79293639999999,-122.4027103
0,1,Dark - street lights,Dry,37.7698864,-122.422401
0,1,Daylight,Dry,37.7616996,-122.4215856
0,1,Dark - street lights,Dry,37.7539092,-122.4175084
0,1,Daylight,Dry,37.7797784,-122.4303047
0,1,Daylight,Dry,37.789853,-122.4038865
0,0,Daylight,Dry,37.7886579,-122.4135036
0,1,Daylight,Dry,37.7752269,-122.5080384
0,1,Dark - street lights,Dry,37.7882827,-122.438773
0,1,Daylight,Dry,37.759312,-122.488648
0,1,Daylight,Dry,37.766219,-122.4276538
0,1,Dark - street lights,Dry,37.7752462,-122.4584421
0,1,Dark - street lights,Dry,37.7731433,-122.4373674
0,1,Daylight,Dry,37.7610217,-122.4327763
0,1,Dark - street lights,Dry,37.7664112,-122.424319
0,1,Daylight,Dry,37.76233819999999,-122.4239378
0,1,Dark - street lights,Dry,37.7694443,-122.4062321
0,2,Daylight,Dry,37.7200273,-122.4551167
0,1,Daylight,Dry,37.7849566,-122.4347061
0,0,Daylight,Dry,37.7172396,-122.4851304
0,1,Daylight,Dry,37.7783349,-122.396516
0,1,Daylight,Dry,37.74726,-122.403636
0,1,Daylight,Dry,37.7425061,-122.4056427
0,1,Daylight,Dry,37.7424801,-122.4885522
0,1,Dark - street lights,Dry,37.7584974,-122.4212866
0,1,Daylight,Dry,37.7823125,-122.4784631
0,1,Daylight,Dry,37.794091,-122.4079517
0,1,Dark - street lights,Dry,37.7898414,-122.3975251
0,1,Daylight,Wet,37.7650501,-122.4196959
0,1,Daylight,Dry,37.75268579999999,-122.4109804
0,1,Daylight,Wet,37.77478809999999,-122.4009995
0,1,Daylight,Dry,37.75051130000001,-122.4205121
0,1,Dark - street lights,Dry,37.7959187,-122.4217837
0,1,Dark - street lights,Dry,37.783785,-122.487151
0,1,Daylight,Dry,37.7749295,-122.4194155
0,1,Daylight,Dry,37.775513,-122.4412881
0,1,Daylight,Dry,37.7649958,-122.4205952
0,0,Daylight,Dry,37.7682375,-122.4533534
0,1,Dark - street lights,Wet,37.7850051,-122.4195078
0,1,Dark - street lights,Dry,37.7324338,-122.4748928
0,1,Daylight,Wet,37.7694708,-122.4290871
0,2,Daylight,Dry,37.7719183,-122.4540685
0,1,Daylight,Wet,37.7540781,-122.4472064
0,1,Dusk - dawn,Wet,37.7924521,-122.3985744
0,1,Daylight,Dry,37.7490368,-122.418179
0,1,Dark - street lights,Wet,37.7628926,-122.428515
0,1,Dark - street lights,Dry,37.7764125,-122.4194287
0,1,Daylight,Dry,37.7660798,-122.4026741
0,1,Daylight,Dry,37.7822097,-122.4189391
0,1,Daylight,Dry,37.782385,-122.4173658
0,1,Dark - street lights,Dry,37.76356699999999,-122.4173459
0,1,Dusk - dawn,Dry,37.7648394,-122.4231449
0,1,Daylight,Wet,37.7355576,-122.5041974
0,1,Daylight,Dry,37.7729898,-122.4458971
0,1,Dark - street lights,Wet,37.7777098,-122.4315744
0,1,Daylight,Dry,37.782144,-122.447573
0,1,Daylight,Dry,37.73501419999999,-122.4940194
0,1,Dark - street lights,Dry,37.7752181,-122.4361231
0,1,Daylight,Dry,37.7481763,-122.4202718
0,1,Daylight,Dry,37.7241488,-122.4571426
0,1,Dusk - dawn,Dry,37.78133620000001,-122.3958136
0,1,Dark - street lights,Dry,37.7738686,-122.4392751
0,1,Daylight,Dry,37.7251797,-122.4344287
0,1,Dark - street lights,Dry,37.7870332,-122.4334443
0,1,Dusk - dawn,Dry,37.7248997,-122.4847582
0,1,Daylight,Dry,37.7236781,-122.4384282
0,1,Dark - street lights,Dry,37.788119,-122.4100171
0,1,Daylight,Dry,37.7822097,-122.4189391
0,1,Daylight,Dry,37.7691791,-122.4535465
0,1,Daylight,Dry,37.7840284,-122.4080265
0,1,Daylight,Dry,37.7749295,-122.4194155
0,1,Dusk - dawn,Wet,37.7938542,-122.4029289
0,1,Daylight,Dry,37.7850363,-122.44153
0,1,Daylight,Dry,37.7854867,-122.4061965
0,1,Daylight,Dry,37.7917852,-122.3982549
0,1,Daylight,Dry,37.7665431,-122.4220576
0,1,Daylight,Dry,37.7466652,-122.4201411
0,1,Dark - street lights,Dry,37.788191,-122.4469592
0,1,Dark - street lights,Dry,37.9095522,-122.0883876
0,1,Daylight,Dry,37.7862396,-122.4248472
0,1,Dark - street lights,Dry,37.7788086,-122.4705752
0,1,Daylight,Dry,37.7661382,-122.4016933
0,1,Daylight,Dry,37.7725763,-122.4665981
0,1,Daylight,Dry,37.7904395,-122.3999611
0,1,Daylight,Wet,37.7669208,-122.3891879
0,1,Dusk - dawn,Dry,37.7906252,-122.4056151
0,1,Daylight,Dry,37.732298,-122.4350159
0,1,Daylight,Dry,37.7876818,-122.403397
0,1,Daylight,Dry,37.7811915,-122.4588743
0,1,Dark - street lights,Dry,37.804795,-122.4201
0,1,Dark - street lights,Dry,37.7645087,-122.4286526
0,1,Daylight,Dry,37.7647024,-122.493323
0,1,Dark - street lights,Dry,37.7819159,-122.4870099
0,1,Daylight,Dry,37.7815217,-122.4048923
0,1,Daylight,Dry,37.7809998,-122.4664324
0,1,Daylight,Dry,37.7819532,-122.4859479
0,2,Daylight,Dry,37.7538452,-122.4185982
0,1,Dark - street lights,Dry,37.7717936,-122.4236635
0,1,Daylight,Dry,37.726392,-122.502449
0,1,Daylight,Dry,37.75689879999999,-122.4211319
0,1,Daylight,Dry,37.7883284,-122.4083874
0,1,Daylight,Dry,37.7647778,-122.4241632
0,1,Daylight,Dry,37.7230324,-122.4496307
0,1,Daylight,Dry,37.7955546,-122.4034007
0,1,Daylight,Dry,37.7622234,-122.465121
0,1,Daylight,Dry,37.7647778,-122.4241632
0,1,Daylight,Dry,37.78166,-122.41509
0,1,Dark - street lights,Dry,37.7674584,-122.4221567
0,1,Dark - street lights,Wet,37.7753176,-122.4649418
0,1,Daylight,Dry,37.7749995,-122.4378537
0,1,Dark - street lights,Dry,37.7634263,-122.4195461
0,1,Daylight,Dry,37.7479694,-122.4224299
0,1,Daylight,Dry,37.719601,-122.479607
0,1,Daylight,Dry,37.788119,-122.4100171
0,1,Daylight,Dry,37.7876818,-122.403397
0,1,Daylight,Dry,37.7683372,-122.4192792
0,1,Daylight,Dry,37.7736316,-122.3993914
0,0,Daylight,Dry,37.7806384,-122.3905023
0,1,Dark - no street lights,Dry,37.7726114,-122.4658347
0,1,Daylight,Dry,37.7599361,-122.4747382
0,1,Daylight,Dry,37.7574294,-122.4123656
0,1,Dark - street lights,Dry,37.7805984,-122.4388802
0,1,Daylight,Dry,37.764638,-122.4264921
0,1,Dark - street lights,Dry,37.7859468,-122.419701
0,1,Daylight,Dry,37.7233928,-122.4541181
0,1,Dark - street lights,Dry,37.7717936,-122.4236635
0,1,Daylight,Dry,37.7324587,-122.3916002
0,1,Dark - street lights,Dry,37.7554343,-122.4187616
0,1,Daylight,Dry,37.7968363,-122.3952229
0,1,Daylight,Dry,37.7840284,-122.4080265
0,1,Daylight,Dry,37.7659039,-122.4055739
0,1,Dark - street lights,Dry,37.7841725,-122.4109793
0,1,Daylight,Dry,37.7743494,-122.4583576
0,1,Daylight,Dry,37.7738684,-122.4616069
0,1,Dark - street lights,Dry,37.745948,-122.4020511
0,1,Daylight,Dry,37.787856,-122.44211
0,1,Daylight,Dry,37.7342281,-122.4846426
0,1,Daylight,Dry,37.7468176,-122.4586868
0,1,Daylight,Dry,37.8058106,-122.4422274
0,1,Daylight,Dry,37.7587728,-122.4168824
0,1,Daylight,Dry,37.7662142,-122.4610941
0,1,Daylight,Dry,37.7406608,-122.4238627
0,1,Daylight,Dry,37.7669208,-122.3891879
0,1,Daylight,Dry,37.7310911,-122.4748145
0,0,Dark - street lights,Wet,37.7854037,-122.4162956
0,1,Daylight,Dry,37.7787499,-122.4147239
0,1,Daylight,Dry,37.786302,-122.44661
0,1,Daylight,Dry,37.78389689999999,-122.442989
0,1,Daylight,Dry,37.7477115,-122.4208697
0,1,Daylight,Dry,37.7717936,-122.4236635
0,1,Dark - street lights,Dry,37.7913229,-122.4225867
0,2,Daylight,Dry,37.7749295,-122.4194155
0,1,Daylight,Dry,37.7787391,-122.4384974
0,1,Daylight,Dry,37.7614277,-122.4261745
0,1,Daylight,Dry,37.7208622,-122.4789977
0,1,Daylight,Dry,37.7717936,-122.4236635
0,1,Dusk - dawn,Dry,37.7643653,-122.5008312
0,1,Daylight,Dry,37.7807495,-122.4152769
0,1,Daylight,Dry,37.7717936,-122.4236635
0,1,Daylight,Dry,37.7857218,-122.4058947
0,1,Daylight,Dry,37.7522409,-122.4184616
0,1,Daylight,Dry,37.7465043,-122.4477949
0,1,Dark - street lights,Dry,37.75689879999999,-122.4211319
0,1,Daylight,Dry,37.720827,-122.435585
0,1,Dark - street lights,Dry,37.7936299,-122.4046477
0,1,Daylight,Dry,37.7783349,-122.396516
0,1,Dusk - dawn,Wet,37.7614277,-122.4261745
0,1,Daylight,Dry,37.7790595,-122.4018195
0,1,Daylight,Dry,37.7590319,-122.4125147
0,0,Daylight,Dry,37.7546912,-122.5086876
0,1,Dusk - dawn,Dry,37.7831833,-122.4411617
0,1,Daylight,Dry,37.7543929,-122.4092907
0,1,Daylight,Dry,37.7571691,-122.4167288
0,1,Dark - street lights,Dry,37.7698864,-122.422401
0,1,Daylight,Dry,37.77793610000001,-122.4297694
0,1,Daylight,Dry,37.7759244,-122.4380308
0,1,Daylight,Dry,37.7840284,-122.4080265
0,1,Daylight,Dry,37.7877958,-122.4200826
0,1,Daylight,Dry,37.76356699999999,-122.4173459
0,1,Dark - street lights,Dry,37.77159899999999,-122.4225426
0,1,Daylight,Dry,37.77773,-122.4045779
0,1,Daylight,Dry,37.7354965,-122.407503
0,1,Dark - street lights,Dry,37.7743494,-122.4583576
0,1,Daylight,Dry,37.7732534,-122.4289649
0,1,Daylight,Dry,37.7850417,-122.4004492
0,1,Daylight,Dry,37.790028,-122.400352
0,1,Daylight,Dry,37.7632962,-122.421752
0,1,Daylight,Dry,37.7642678,-122.3898367
0,1,Daylight,Dry,37.7968363,-122.3952229
0,1,Daylight,Dry,37.7434903,-122.4668606
0,1,Daylight,Dry,37.7734902,-122.4180397
0,1,Daylight,Dry,37.7641132,-122.5094287
0,1,Daylight,Dry,37.7840284,-122.4080265
0,1,Dark - street lights,Dry,37.77448589999999,-122.434295
0,1,Daylight,Dry,37.7229162,-122.4447105
0,1,Daylight,,37.7862266,-122.4019649
0,0,Daylight,Dry,37.7725583,-122.4069208
0,0,Dark - street lights,Dry,37.7762362,-122.4115649
0,1,Daylight,Dry,37.780519,-122.412491
0,1,Daylight,Dry,37.7807495,-122.4152769
0,1,Daylight,Dry,37.78554889999999,-122.44502
0,1,Daylight,Dry,37.7681528,-122.4222248
0,2,Dark - street lights,Dry,37.7590319,-122.4125147
0,1,Daylight,Dry,37.7619663,-122.4172009
0,1,Daylight,Dry,37.7716893,-122.4210587
0,1,Daylight,Dry,37.7773247,-122.4196097
0,1,Daylight,Dry,37.7875741,-122.4218061
0,1,Daylight,Dry,37.7912555,-122.4157394
0,1,Dusk - dawn,Dry,37.7809596,-122.4136432
0,1,Dark - street lights,Dry,37.7862414,-122.4743964
0,1,Dark - street lights,Dry,37.7810472,-122.4476039
0,1,Daylight,Dry,37.80229509999999,-122.4246574
0,1,Daylight,Dry,37.7822646,-122.4102691
0,1,Daylight,Dry,37.7329911,-122.4046175
0,1,Daylight,Dry,37.7795711,-122.4954482
0,1,Daylight,Dry,37.786347,-122.4164861
0,1,Daylight,Dry,37.7863252,-122.4725805
0,0,Daylight,Dry,37.7114337,-122.4560521
0,1,Daylight,Dry,37.80860750000001,-122.4125295
0,1,Daylight,Dry,37.7420773,-122.4268683
0,1,Daylight,Dry,37.7083495,-122.4388389
0,1,Daylight,Dry,37.7657823,-122.4075633
0,1,Daylight,Dry,37.7713413,-122.4053952
0,2,Daylight,Dry,37.7263509,-122.5049022
0,1,Daylight,Dry,37.7743444,-122.4201795
0,1,Daylight,Dry,37.7862266,-122.4019649
0,1,Daylight,Dry,37.7495482,-122.4097722
0,1,Daylight,Dry,37.7642404,-122.4329683
0,1,Daylight,Dry,37.7837926,-122.3988868
0,1,Daylight,Dry,37.8021898,-122.4129539
0,1,Daylight,Dry,37.7803142,-122.4185632
0,1,Daylight,Dry,37.804145,-122.4251668
0,1,Dark - street lights,Dry,37.7790595,-122.4018195
0,1,Daylight,Dry,37.7822646,-122.4102691
0,1,Daylight,Dry,37.781219,-122.433973
0,1,Daylight,Dry,37.7590072,-122.4956914
0,1,Daylight,Dry,37.7743494,-122.4583576
0,1,Daylight,Dry,37.7876818,-122.403397
0,1,Daylight,Dry,37.7990874,-122.3980725
0,1,Daylight,Dry,37.7822406,-122.4071357
0,1,Daylight,Dry,37.7584974,-122.4212866
0,0,Daylight,Dry,37.76933,-122.4108622
0,0,Daylight,Dry,37.7822901,-122.3925855
0,1,Daylight,Dry,37.6830229,-122.4902223
0,2,Daylight,Dry,37.7611216,-122.4409828
0,2,Daylight,Dry,37.73114899999999,-122.499223
0,1,Daylight,Dry,37.7488512,-122.4212827
0,1,Daylight,Dry,37.7729898,-122.4458971
0,1,Daylight,Dry,37.7339673,-122.4944109
0,1,Daylight,Dry,37.7386629,-122.490432
0,1,Daylight,Dry,37.7762362,-122.4115649
0,0,Daylight,Dry,37.735605,-122.41676
0,0,Dark - street lights,Dry,37.75689879999999,-122.4211319
0,1,Dark - street lights,Dry,37.7553071,-122.4209695
0,1,Dark - street lights,Dry,37.7702405,-122.4198952
0,1,Dark - street lights,Dry,37.782866,-122.4665744
0,1,Daylight,Dry,37.7775356,-122.4179955
0,1,Daylight,Dry,37.7932543,-122.3999798
0,1,Dark - street lights,Dry,37.7867274,-122.463636
0,1,Daylight,Dry,37.7742809,-122.404748
0,1,Daylight,Dry,37.7968993,-122.4219879
0,1,Daylight,Dry,37.7638559,-122.4706072
0,1,Daylight,Dry,37.7632962,-122.421752
0,1,Daylight,Dry,37.7729898,-122.4458971
0,1,Daylight,Dry,37.7622689,-122.4640498
0,1,Dark - street lights,Dry,37.8053499,-122.4236702
0,1,Daylight,Dry,37.77940830000001,-122.4986626
0,2,Daylight,Dry,37.7709814,-122.4318719
0,1,Daylight,Dry,37.7739245,-122.4238072
0,1,Dusk - dawn,Dry,37.7551746,-122.4231432
0,1,Daylight,Dry,37.76966669999999,-122.449646
0,1,Daylight,Dry,37.7497219,-122.397316
0,1,Daylight,Dry,37.7787753,-122.4233472
0,1,Daylight,Dry,37.7710594,-122.4387011
0,1,Daylight,Dry,37.8008294,-122.4362188
0,1,Daylight,Dry,37.7423016,-122.4232332
0,1,Daylight,Dry,37.7677612,-122.4285038
0,1,Daylight,,37.7657978,-122.4310036
0,1,Daylight,Dry,37.775715,-122.497319
0,1,Daylight,Dry,37.7523107,-122.41736
0,1,Dark - street lights,Dry,37.7649958,-122.4205952
0,1,Daylight,Dry,37.7163924,-122.441082
0,1,Daylight,Dry,37.8079217,-122.4107007
0,1,Daylight,Dry,37.7307418,-122.4397365
0,1,Dark - street lights,Dry,37.7616996,-122.4215856
0,2,Daylight,Dry,37.7616996,-122.4215856
0,1,Daylight,Dry,37.782563,-122.3973664
0,1,Daylight,Dry,37.765183,-122.417487
0,1,Daylight,Dry,37.7743317,-122.4171291
0,1,Daylight,Dry,37.7648188,-122.4577152
0,2,Daylight,Dry,37.7787391,-122.4384974
0,1,Dark - street lights,Dry,37.7778182,-122.4533877
0,1,Dark - street lights,Dry,37.7641132,-122.5094287
0,0,Daylight,Dry,37.7777098,-122.4315744
0,1,Dark - street lights,Dry,37.77065959999999,-122.4248935
0,1,Dark - street lights,Dry,37.7975107,-122.4020665
0,1,Daylight,Dry,37.8068226,-122.4121502
0,1,Daylight,Dry,37.7888127,-122.4019875
0,1,Dark - street lights,Wet,37.7780454,-122.421484
0,1,Daylight,Dry,37.7717936,-122.4236635
0,1,Daylight,Dry,37.7858344,-122.4014664
0,1,Daylight,Dry,37.780519,-122.412491
0,1,Daylight,Dry,37.7423797,-122.4219896
0,1,Daylight,Dry,37.7786384,-122.4317661
0,1,Dark - street lights,Wet,37.7832886,-122.4026768
0,1,Daylight,Dry,37.7619792,-122.4694004
0,1,Daylight,Dry,37.7782721,-122.4141044
0,1,Daylight,Dry,37.7752462,-122.4584421
0,1,Dark - street lights,Dry,37.7648394,-122.4231449
0,1,Daylight,Dry,37.7639559,-122.4684704
0,1,Dark - street lights,Wet,37.7210208,-122.4484848
0,1,Dark - street lights,Dry,37.7753174,-122.4158955
0,1,Daylight,Dry,37.7810945,-122.4043653
0,1,Daylight,Dry,37.752333,-122.4168285
0,1,Daylight,Dry,37.7139388,-122.4433541
0,1,Daylight,Dry,37.7654351,-122.4527607
0,1,Daylight,Dry,37.7210208,-122.4484848
0,1,Daylight,Dry,37.7690498,-122.4357924
0,1,Dark - street lights,Dry,37.772424,-122.435558
0,1,Dark - street lights,Dry,37.7727217,-122.4407274
0,1,Daylight,Dry,37.6897429,-122.4658499
0,1,Daylight,Dry,37.7740841,-122.4375555
0,1,Daylight,Dry,37.7840284,-122.4080265
0,1,Daylight,Dry,37.7708901,-122.4897936
0,1,Daylight,Dry,37.7724353,-122.4226112
0,1,Daylight,Dry,37.8073692,-122.4073666
0,1,Daylight,Dry,37.7555087,-122.4176652
0,1,Daylight,Dry,37.7724353,-122.4226112
0,1,Daylight,Dry,37.7517063,-122.4273207
0,1,Daylight,Dry,37.7843859,-122.4092666
0,1,Daylight,Dry,37.7801107,-122.3942717
0,1,Daylight,Dry,37.7677612,-122.4285038
0,1,Dusk - dawn,Dry,37.7739451,-122.4020781
0,1,Daylight,Dry,37.8060317,-122.4185071
0,1,Dark - street lights,Dry,37.7732534,-122.4289649
0,1,,,37.7709333,-122.4550429
0,1,Daylight,Dry,37.775647,-122.497419
0,1,Daylight,Dry,37.7724353,-122.4226112
0,1,Dark - street lights,Dry,37.7850051,-122.4195078
0,1,Daylight,Dry,37.7811447,-122.4272124
0,1,Daylight,Dry,37.76860509999999,-122.4038851
0,1,Dark - street lights,Dry,37.7677612,-122.4285038
0,1,Daylight,Dry,37.7420909,-122.4188712
0,1,Dark - street lights,Dry,37.7483695,-122.4103532
0,1,Daylight,Dry,37.78857000000001,-122.44394
0,1,Daylight,Dry,37.7917116,-122.4042588
0,1,Daylight,Dry,37.77793610000001,-122.4297694
0,2,Daylight,Dry,37.7297729,-122.433357
0,1,Daylight,Dry,37.7749995,-122.4378537
0,1,Dark - street lights,Dry,37.77434119999999,-122.4864704
0,1,Daylight,Dry,37.7696115,-122.4133281
0,1,Daylight,Dry,37.7453305,-122.4200646
0,1,Daylight,Dry,37.74564489999999,-122.501669
0,1,Daylight,Dry,37.775557,-122.4186637
0,1,Daylight,Dry,37.7858344,-122.4014664
0,1,Daylight,Dry,37.7729898,-122.4458971
0,1,Dark - street lights,Dry,37.7207802,-122.4466411
0,1,Daylight,Dry,37.752992,-122.406342
0,1,Daylight,Dry,37.7142788,-122.4671099
0,1,Dark - street lights,Dry,37.7859468,-122.419701
0,1,Dark - street lights,Dry,37.7774809,-122.4131087
0,1,Dark - street lights,Dry,37.7822097,-122.4189391
0,1,Daylight,Dry,37.7198684,-122.4481428
0,1,Daylight,Dry,37.7783349,-122.396516
0,1,Daylight,Dry,37.7709333,-122.4550429
0,1,Dark - street lights,Dry,37.7916856,-122.4124423
0,1,Daylight,Dry,37.7763748,-122.3941917
0,1,Daylight,Dry,37.7832886,-122.4026768
0,1,Daylight,Dry,37.7230324,-122.4496307
0,1,Daylight,Dry,37.7863118,-122.4314834
0,1,Daylight,Dry,37.79812450000001,-122.4204987
0,1,Daylight,Dry,37.7659746,-122.4664371
0,1,Dark - street lights,Dry,37.7757639,-122.496259
0,1,Daylight,Dry,37.7551746,-122.4231432
0,1,Daylight,Dry,37.76390749999999,-122.4695357
0,1,Dark - street lights,Dry,37.7859468,-122.419701
0,1,Daylight,Dry,37.7111542,-122.4546049
0,1,Daylight,Dry,37.7542354,-122.4764778
0,1,Daylight,Dry,37.7953591,-122.4050054
0,1,Daylight,Dry,37.7772072,-122.4504546
0,1,Dark - street lights,Dry,37.7657978,-122.4310036
0,1,Daylight,Dry,37.7824282,-122.4169621
0,1,Daylight,Dry,37.772204,-122.4372752
0,1,Dark - street lights,Dry,37.7698065,-122.4485854
0,1,Daylight,Dry,37.7600324,-122.3962667
0,1,Daylight,Dry,37.7625788,-122.4216856
0,2,Daylight,Dry,37.7614277,-122.4261745
0,1,Daylight,Dry,37.7897769,-122.4557167
0,1,Dark - street lights,Dry,37.7874667,-122.4004712
0,1,Dark - street lights,Dry,37.7917116,-122.4042588
0,1,Daylight,Dry,37.7731433,-122.4373674
0,1,Dusk - dawn,Dry,37.7749295,-122.4194155
0,1,Dusk - dawn,Dry,37.778852,-122.39275
0,1,Daylight,Dry,37.7189141,-122.4437149
0,1,Daylight,Dry,37.8015385,-122.4229066
0,1,Daylight,Dry,37.7705053,-122.4798826
0,1,Daylight,Dry,37.8070233,-122.4105501
0,1,Daylight,Dry,37.7765553,-122.4080987
0,2,Daylight,Dry,37.7861298,-122.418168
0,0,Daylight,Dry,37.7423016,-122.4232332
0,1,Dusk - dawn,Dry,37.7340351,-122.4890058
0,1,Daylight,Dry,37.7698065,-122.4485854
0,1,Daylight,Dry,37.7616996,-122.4215856
0,1,Dark - street lights,Dry,37.7396878,-122.4088952
0,1,Daylight,Dry,37.71014419999999,-122.4064969
0,1,Daylight,Dry,37.7797645,-122.4071059
0,1,Daylight,Dry,37.75336,-122.4264867
0,1,Daylight,Dry,37.7643676,-122.4308668
0,1,Dusk - dawn,Dry,37.7630969,-122.387788
0,1,Daylight,Dry,37.7834931,-122.4087238
0,1,Daylight,Dry,37.7655011,-122.4124336
0,1,Daylight,Dry,37.7822646,-122.4102691
0,1,Dark - street lights,Dry,37.7739245,-122.4238072
0,1,Dark - street lights,Dry,37.7729898,-122.4458971
0,1,Daylight,Dry,37.758896,-122.4147005
0,1,Daylight,Dry,37.7681528,-122.4222248
0,1,Daylight,Dry,37.79753780000001,-122.4069786
0,1,Daylight,Dry,37.7751693,-122.4036099
0,0,Daylight,Dry,37.7615676,-122.4237799
0,1,Daylight,Dry,37.7731,-122.4155463
0,1,Daylight,Dry,37.7422304,-122.4243165
0,1,Daylight,Dry,37.7840284,-122.4080265
0,1,Dusk - dawn,Wet,37.7993944,-122.3975296
0,1,Daylight,Dry,37.7654064,-122.4772631
0,1,Dark - street lights,Dry,37.7835478,-122.4159221
0,1,Dark - street lights,Dry,37.78133620000001,-122.3958136
0,1,Daylight,Dry,37.73114899999999,-122.499223
0,1,Daylight,Dry,37.7898414,-122.3975251
0,1,Daylight,Dry,37.7666711,-122.4198529
0,1,Daylight,Dry,37.7686877,-122.4134564
0,1,Daylight,Dry,37.77619809999999,-122.4054379
0,1,Daylight,Dry,37.7811948,-122.4621487
0,1,Dark - street lights,Dry,37.7509048,-122.4139419
0,1,Daylight,Dry,37.76860509999999,-122.4038851
0,1,Daylight,Dry,37.780239,-122.453877
0,1,Dark - street lights,Wet,37.7959187,-122.4217837
0,1,Daylight,Dry,37.7802044,-122.4270218
0,1,Daylight,Dry,37.7745813,-122.4411139
0,1,Daylight,Dry,37.7565462,-122.5088999
0,1,Daylight,Dry,37.76860509999999,-122.4038851
0,1,Daylight,Dry,37.77065959999999,-122.4248935
0,0,Daylight,Dry,37.7850051,-122.4195078
0,1,Dusk - dawn,Dry,37.7423894,-122.4906829
0,1,Daylight,Wet,37.7766013,-122.3987436
0,1,Daylight,Dry,37.7927135,-122.4044235
0,1,Daylight,Dry,37.7807247,-122.4038991
0,1,Dark - street lights,Dry,37.770161,-122.404126
0,1,Daylight,Dry,37.7859468,-122.419701
0,1,Dark - street lights,Dry,37.7831409,-122.419133
0,1,Daylight,Dry,37.7508475,-122.5081779
0,1,Daylight,Dry,37.773084,-122.4220088
0,1,Daylight,Dry,37.7806977,-122.4728591
0,1,Dark - street lights,Dry,37.7640969,-122.413003
0,1,Daylight,Dry,37.764638,-122.4264921
0,1,Daylight,Dry,37.7898414,-122.3975251
0,1,Daylight,Dry,37.7527411,-122.4100829
0,1,Daylight,Dry,37.7750051,-122.4131347
0,1,Daylight,Dry,37.75776889999999,-122.4067928
0,1,Daylight,Dry,37.7854867,-122.4061965
0,1,Daylight,Dry,37.7845971,-122.4073136
0,1,Dark - street lights,Dry,37.7815217,-122.4048923
0,1,Dark - street lights,Dry,37.7826178,-122.4156499
0,0,Daylight,Dry,37.7522409,-122.4184616
0,0,Daylight,Dry,37.7749295,-122.4194155
0,1,Dark - street lights,Dry,37.7809482,-122.4119404
0,1,Daylight,Dry,37.793295,-122.3963364
0,1,Daylight,Dry,37.7666711,-122.4198529
0,1,Dark - street lights,,37.7691791,-122.4535465
0,1,Daylight,Dry,37.7310856,-122.4296257
0,1,Dark - street lights,Dry,37.7904395,-122.3999611
0,1,Dusk - dawn,Dry,37.779564,-122.431952
0,1,Daylight,Dry,37.8062183,-122.4170562
0,2,Daylight,Dry,37.771224,-122.4738817
0,1,Dark - street lights,Dry,37.7570308,-122.4189302
0,1,Daylight,Dry,37.7649958,-122.4205952
0,1,Daylight,Dry,37.78207039999999,-122.4273865
0,1,Daylight,Dry,37.7229162,-122.4447105
0,1,Daylight,Dry,37.7774362,-122.4486893
0,1,Daylight,Dry,37.7773247,-122.4196097
0,1,Daylight,Dry,37.72899960000001,-122.4749167
0,1,Daylight,Dry,37.769246,-122.4324392
0,1,Daylight,Dry,37.7888127,-122.4019875
0,1,Daylight,Dry,37.7717004,-122.4337105
0,1,Daylight,Dry,37.7370239,-122.5063271
0,1,,,37.777228,-122.4640135
0,1,Daylight,Dry,37.7822097,-122.4189391
0,1,Dark - street lights,Dry,37.7748744,-122.4746995
0,1,Daylight,Dry,37.7752462,-122.4584421
0,1,Dark - street lights,Wet,37.7236675,-122.4375325
0,1,Dark - street lights,Dry,37.771833,-122.4016282
0,1,Dusk - dawn,Dry,37.8066316,-122.4138267
0,1,Dark - street lights,Dry,37.780519,-122.412491
0,1,Daylight,Dry,37.758896,-122.4147005
0,1,Daylight,Dry,37.7670569,-122.4732764
0,1,Dark - street lights,Dry,37.758703,-122.5025745
0,1,Daylight,Dry,37.7336839,-122.4263971
0,1,Daylight,Dry,37.7649061,-122.4218982
0,1,Daylight,Dry,37.7416969,-122.4234765
0,1,Daylight,Dry,37.8069002,-122.4189207
0,1,Daylight,Dry,37.7687697,-122.4222851
0,1,Daylight,Dry,37.7664655,-122.4233196
0,1,Daylight,Dry,37.7220426,-122.3931858
1,0,Daylight,Dry,37.7693752,-122.4156281
0,1,Daylight,Dry,37.775296,-122.4191988
0,1,Dark - street lights,Dry,37.7864093,-122.4198071
0,1,Dark - street lights,Dry,37.77065959999999,-122.4248935
0,2,Dark - street lights,Dry,37.7657978,-122.4310036
0,1,Dusk - dawn,Dry,37.7999782,-122.44284
0,1,Daylight,Dry,37.77605020000001,-122.4295344
0,1,Daylight,Dry,37.783604,-122.4192332
0,1,Daylight,Dry,37.80229509999999,-122.4246574
0,1,Daylight,Dry,37.8082487,-122.415778
0,1,Daylight,Dry,37.7705053,-122.4798826
0,1,Dark - street lights,Wet,37.758896,-122.4147005
0,1,Dusk - dawn,Dry,37.7177679,-122.4423377
0,1,Dark - no street lights,Dry,37.7681528,-122.4222248
0,1,Daylight,Dry,37.7306534,-122.4034406
0,1,Daylight,Dry,37.7186044,-122.4412775
0,1,Dark - street lights,Dry,37.7833811,-122.439544
0,2,Daylight,Dry,37.7876818,-122.403397
0,0,Dark - street lights,Dry,37.7562179,-122.440999
0,1,Dark - street lights,Dry,37.7632962,-122.421752
0,2,Dark - street lights,Dry,37.74059039999999,-122.4217286
0,1,Dark - street lights,Dry,37.7778182,-122.4533877
0,1,Daylight,Dry,37.7840284,-122.4080265
0,1,Dark - street lights,,37.7487451,-122.4593572
0,1,Daylight,Dry,37.7967255,-122.4084631
0,0,Daylight,Dry,37.7119187,-122.4160184
0,1,Daylight,Dry,37.7391698,-122.4661497
0,1,Daylight,Dry,37.7666597,-122.3926708
0,1,Daylight,Dry,37.7660088,-122.4307273
0,1,Dark - street lights,Dry,37.7677316,-122.4289155
0,1,Daylight,Dry,37.7888498,-122.4008003
0,1,Daylight,Dry,37.7753674,-122.3972015
0,1,Daylight,Dry,37.771487,-122.4353672
0,1,Dark - street lights,Wet,37.77517599999999,-122.4681651
0,1,Dark - street lights,Wet,37.7700827,-122.4069588
0,1,Daylight,Dry,37.7208441,-122.4810834
0,1,Dark - street lights,Wet,37.7710341,-122.4538349
0,1,Daylight,Dry,37.7971014,-122.4354781
0,1,Dark - street lights,Dry,37.8068226,-122.4121502
0,1,Daylight,Dry,37.7889092,-122.433826
0,0,Dark - street lights,Wet,37.7775182,-122.4162823
0,1,Daylight,Dry,37.7777098,-122.4315744
0,1,Daylight,Dry,37.7859468,-122.419701
0,1,Dark - street lights,Dry,37.7807495,-122.4152769
0,1,Daylight,Dry,37.7627184,-122.4351786
0,1,Daylight,Wet,37.7709333,-122.4550429
0,1,Dark - street lights,Dry,37.7853658,-122.4314189
0,1,Dark - street lights,Wet,37.799524,-122.4089584
0,1,Daylight,Wet,37.7888127,-122.4019875
0,1,Daylight,Dry,37.7554343,-122.4187616
0,1,Daylight,Dry,37.7660088,-122.4307273
0,1,Dark - street lights,Dry,37.714599,-122.4426412
0,1,Dark - street lights,Dry,37.7828166,-122.4141266
0,1,Dark - street lights,Dry,37.764304,-122.4330863
0,1,Daylight,Dry,37.7282358,-122.411513
0,1,Daylight,Dry,37.7840284,-122.4080265
0,1,Dark - street lights,Dry,37.7723072,-122.4440376
0,1,Dark - street lights,Wet,37.7451173,-122.4646158
0,1,Daylight,Dry,37.7822646,-122.4102691
0,1,Daylight,Dry,37.7888127,-122.4019875
0,1,Daylight,Dry,37.7775356,-122.4179955
0,1,Dark - street lights,Dry,37.7896778,-122.4204624
0,1,Daylight,Dry,37.7681569,-122.50046
